"날짜","현재가","오픈","고가","저가","거래량","변동 %"
"2019년 11월 03일","9,259.8","9,300.5","9,359.1","9,237.9","569.42K","-0.44%"
"2019년 11월 02일","9,300.6","9,230.3","9,356.7","9,201.2","570.74K","0.76%"
"2019년 11월 01일","9,230.1","9,153.1","9,270.4","9,057.2","689.65K","0.85%"
"2019년 10월 31일","9,152.6","9,157.9","9,378.9","8,959.6","798.93K","-0.06%"
"2019년 10월 30일","9,157.9","9,411.3","9,411.3","9,018.4","789.73K","-2.69%"
"2019년 10월 29일","9,411.3","9,206.5","9,531.3","9,125.3","918.48K","2.22%"
"2019년 10월 28일","9,207.2","9,530.1","9,866.9","9,202.5","1.04M","-3.38%"
"2019년 10월 27일","9,529.6","9,230.6","9,773.2","9,081.0","1.16M","3.24%"
"2019년 10월 26일","9,230.6","8,658.4","10,540.0","8,061.8","1.78M","6.61%"
"2019년 10월 25일","8,658.3","7,422.8","8,697.7","7,404.9","1.18M","16.65%"
"2019년 10월 24일","7,422.7","7,476.8","7,501.5","7,366.3","586.49K","-0.73%"
"2019년 10월 23일","7,477.0","8,031.0","8,055.0","7,329.2","892.08K","-6.90%"
"2019년 10월 22일","8,031.4","8,207.4","8,289.1","8,017.7","570.39K","-2.15%"
"2019년 10월 21일","8,208.2","8,224.1","8,315.3","8,155.7","489.40K","-0.18%"
"2019년 10월 20일","8,223.4","7,957.4","8,288.5","7,889.6","513.91K","3.34%"
"2019년 10월 19일","7,957.3","7,948.3","8,060.2","7,892.4","428.83K","0.11%"
"2019년 10월 18일","7,948.5","8,073.3","8,116.4","7,842.0","505.79K","-1.55%"
"2019년 10월 17일","8,073.3","8,000.4","8,118.2","7,944.4","444.95K","0.91%"
"2019년 10월 16일","8,000.4","8,167.1","8,185.9","7,929.8","538.92K","-2.04%"
"2019년 10월 15일","8,167.2","8,353.4","8,400.2","8,139.5","469.73K","-2.23%"
"2019년 10월 14일","8,353.3","8,281.3","8,374.3","8,222.2","505.02K","0.87%"
"2019년 10월 13일","8,281.5","8,304.3","8,450.2","8,190.6","419.87K","-0.28%"
"2019년 10월 12일","8,304.4","8,267.6","8,394.8","8,260.9","424.02K","0.44%"
"2019년 10월 11일","8,267.8","8,562.2","8,751.1","8,249.7","667.86K","-3.44%"
"2019년 10월 10일","8,562.3","8,566.8","8,638.5","8,438.7","511.46K","-0.05%"
"2019년 10월 09일","8,566.7","8,180.1","8,655.9","8,122.7","636.43K","4.69%"
"2019년 10월 08일","8,182.9","8,198.5","8,323.1","8,118.1","469.04K","-0.19%"
"2019년 10월 07일","8,198.6","7,882.6","8,293.5","7,797.0","604.74K","4.02%"
"2019년 10월 06일","7,881.9","8,127.3","8,145.5","7,834.9","448.80K","-3.02%"
"2019년 10월 05일","8,127.3","8,148.0","8,185.1","8,030.6","360.92K","-0.25%"
"2019년 10월 04일","8,148.1","8,227.6","8,233.6","8,041.4","416.92K","-0.96%"
"2019년 10월 03일","8,226.9","8,363.6","8,391.7","8,090.1","460.97K","-1.64%"
"2019년 10월 02일","8,364.1","8,302.7","8,374.0","8,167.7","405.86K","0.74%"
"2019년 10월 01일","8,302.7","8,285.0","8,486.2","8,187.9","533.95K","0.22%"
"2019년 09월 30일","8,284.3","8,048.9","8,318.5","7,749.0","600.26K","2.92%"
"2019년 09월 29일","8,049.1","8,208.0","8,226.8","7,922.1","418.48K","-1.94%"
"2019년 09월 28일","8,208.5","8,184.5","8,297.2","8,031.1","457.79K","0.29%"
"2019년 09월 27일","8,184.9","8,063.8","8,257.4","7,882.1","561.40K","1.50%"
"2019년 09월 26일","8,063.8","8,432.5","8,463.1","7,773.6","731.03K","-4.37%"
"2019년 09월 25일","8,432.4","8,512.3","8,729.8","8,245.1","696.11K","-0.96%"
"2019년 09월 24일","8,513.9","9,702.7","9,793.8","8,069.4","933.16K","-12.25%"
"2019년 09월 23일","9,702.2","10,031.3","10,048.8","9,656.3","431.10K","-3.28%"
"2019년 09월 22일","10,031.6","9,993.0","10,075.0","9,870.9","337.06K","0.39%"
"2019년 09월 21일","9,993.0","10,172.8","10,177.9","9,939.8","326.17K","-1.77%"
"2019년 09월 20일","10,172.7","10,251.5","10,279.5","10,088.6","362.07K","-0.76%"
"2019년 09월 19일","10,250.5","10,164.6","10,297.6","9,707.6","542.25K","0.84%"
"2019년 09월 18일","10,164.7","10,195.7","10,257.5","10,119.3","318.82K","-0.30%"
"2019년 09월 17일","10,195.7","10,254.6","10,273.6","10,153.5","321.64K","-0.58%"
"2019년 09월 16일","10,255.5","10,311.3","10,360.5","10,108.5","372.53K","-0.54%"
"2019년 09월 15일","10,311.5","10,337.3","10,360.4","10,272.0","255.79K","-0.25%"
"2019년 09월 14일","10,337.3","10,342.2","10,421.4","10,253.7","326.44K","-0.05%"
"2019년 09월 13일","10,342.1","10,415.2","10,441.4","10,174.1","365.52K","-0.70%"
"2019년 09월 12일","10,415.1","10,162.4","10,447.9","10,051.0","413.22K","2.49%"
"2019년 09월 11일","10,162.5","10,104.9","10,257.5","9,908.9","413.06K","0.57%"
"2019년 09월 10일","10,105.4","10,308.7","10,379.8","9,970.7","383.22K","-1.98%"
"2019년 09월 09일","10,309.0","10,402.1","10,478.0","10,095.7","473.76K","-0.90%"
"2019년 09월 08일","10,402.8","10,461.6","10,578.0","10,266.3","339.73K","-0.56%"
"2019년 09월 07일","10,461.1","10,306.9","10,556.4","10,302.3","393.57K","1.47%"
"2019년 09월 06일","10,309.3","10,566.7","10,896.2","10,227.4","643.02K","-2.44%"
"2019년 09월 05일","10,566.9","10,567.8","10,630.7","10,469.9","402.09K","-0.01%"
"2019년 09월 04일","10,568.2","10,611.6","10,783.6","10,388.6","504.45K","-0.42%"
"2019년 09월 03일","10,612.3","10,348.1","10,756.8","10,283.5","578.79K","2.55%"
"2019년 09월 02일","10,348.8","9,728.8","10,431.5","9,720.3","542.79K","6.37%"
"2019년 09월 01일","9,729.3","9,594.7","9,799.5","9,533.6","322.66K","1.41%"
"2019년 08월 31일","9,594.4","9,585.5","9,677.5","9,457.3","311.49K","0.09%"
"2019년 08월 30일","9,585.4","9,494.1","9,675.7","9,370.2","413.92K","0.99%"
"2019년 08월 29일","9,491.0","9,729.1","9,729.1","9,343.0","509.13K","-2.45%"
"2019년 08월 28일","9,729.4","10,184.7","10,271.3","9,629.6","580.29K","-4.47%"
"2019년 08월 27일","10,184.8","10,372.2","10,387.6","10,060.2","419.81K","-1.80%"
"2019년 08월 26일","10,371.8","10,136.0","10,568.2","10,136.0","568.77K","2.32%"
"2019년 08월 25일","10,136.3","10,132.1","10,307.0","9,935.2","422.53K","0.05%"
"2019년 08월 24일","10,131.0","10,389.4","10,415.9","9,917.5","463.85K","-2.48%"
"2019년 08월 23일","10,388.7","10,104.9","10,434.3","9,921.4","436.26K","2.81%"
"2019년 08월 22일","10,105.0","10,141.1","10,218.2","9,777.0","520.75K","-0.36%"
"2019년 08월 21일","10,141.5","10,753.3","10,797.8","9,908.0","717.65K","-5.68%"
"2019년 08월 20일","10,752.6","10,911.2","10,941.6","10,581.0","515.47K","-1.45%"
"2019년 08월 19일","10,910.7","10,312.8","10,923.9","10,267.8","519.01K","5.80%"
"2019년 08월 18일","10,312.7","10,219.3","10,494.9","10,086.7","441.11K","0.93%"
"2019년 08월 17일","10,218.1","10,335.5","10,460.7","10,016.3","497.77K","-1.14%"
"2019년 08월 16일","10,335.6","10,300.9","10,734.0","9,788.6","798.67K","0.31%"
"2019년 08월 15일","10,303.4","10,053.3","10,448.2","9,580.1","930.05K","2.53%"
"2019년 08월 14일","10,049.4","10,894.2","10,894.5","9,965.5","745.59K","-7.74%"
"2019년 08월 13일","10,892.9","11,395.0","11,445.6","10,793.2","540.78K","-4.40%"
"2019년 08월 12일","11,394.2","11,505.1","11,508.6","11,267.3","391.08K","-1.07%"
"2019년 08월 11일","11,517.2","11,314.6","11,728.4","11,146.1","435.83K","1.79%"
"2019년 08월 10일","11,314.5","12,090.5","12,185.0","11,281.6","570.74K","-6.41%"
"2019년 08월 09일","12,089.8","12,190.0","12,225.3","11,885.0","558.72K","-0.84%"
"2019년 08월 08일","12,191.6","12,015.9","12,236.6","11,727.0","592.15K","1.48%"
"2019년 08월 07일","12,013.9","11,481.0","12,114.5","11,406.4","702.85K","4.64%"
"2019년 08월 06일","11,480.9","11,817.6","12,291.9","11,237.0","807.58K","-2.84%"
"2019년 08월 05일","11,816.8","10,934.8","11,922.3","10,934.8","769.63K","8.07%"
"2019년 08월 04일","10,934.6","10,816.1","11,017.7","10,568.8","585.71K","1.10%"
"2019년 08월 03일","10,815.7","10,519.9","10,893.6","10,504.5","508.75K","2.81%"
"2019년 08월 02일","10,520.1","10,380.5","10,664.8","10,330.5","578.29K","1.35%"
"2019년 08월 01일","10,380.0","10,081.9","10,459.0","9,890.6","608.37K","2.96%"
"2019년 07월 31일","10,082.0","9,580.3","10,100.0","9,562.4","589.84K","5.23%"
"2019년 07월 30일","9,580.7","9,580.0","9,703.0","9,483.0","511.51K","-0.00%"
"2019년 07월 29일","9,580.9","9,728.5","9,835.4","9,502.5","510.90K","-1.51%"
"2019년 07월 28일","9,727.8","9,491.1","9,798.5","9,401.1","518.59K","2.48%"
"2019년 07월 27일","9,492.1","9,830.4","10,232.3","9,389.1","661.89K","-3.45%"
"2019년 07월 26일","9,831.0","9,945.2","10,436.1","9,724.2","493.75K","-1.15%"
"2019년 07월 25일","9,945.3","9,804.7","10,203.5","9,776.6","545.85K","1.44%"
"2019년 07월 24일","9,804.3","9,887.2","9,945.3","9,584.0","639.54K","-0.85%"
"2019년 07월 23일","9,888.7","10,412.8","10,414.7","9,865.4","663.38K","-5.03%"
"2019년 07월 22일","10,412.5","10,715.1","10,806.3","10,196.5","591.27K","-2.82%"
"2019년 07월 21일","10,714.4","10,827.0","10,883.8","10,442.5","562.17K","-1.04%"
"2019년 07월 20일","10,826.7","10,571.9","11,155.6","10,462.0","668.94K","2.41%"
"2019년 07월 19일","10,571.5","10,651.6","10,758.4","10,160.7","727.79K","-0.75%"
"2019년 07월 18일","10,651.4","9,723.1","10,787.1","9,390.0","974.49K","9.55%"
"2019년 07월 17일","9,723.2","9,425.1","9,983.6","9,082.6","1.03M","3.17%"
"2019년 07월 16일","9,424.8","10,844.0","11,019.5","9,375.3","1.05M","-13.10%"
"2019년 07월 15일","10,845.9","10,199.9","11,064.7","9,885.4","956.52K","6.33%"
"2019년 07월 14일","10,200.1","11,364.3","11,448.7","10,128.9","840.76K","-10.25%"
"2019년 07월 13일","11,364.9","11,762.8","11,798.4","10,839.4","747.71K","-3.38%"
"2019년 07월 12일","11,762.1","11,343.7","11,881.4","11,109.8","738.17K","3.70%"
"2019년 07월 11일","11,342.3","12,111.6","12,111.6","11,029.0","943.13K","-6.34%"
"2019년 07월 10일","12,110.6","12,542.8","13,134.4","11,594.9","1.11M","-3.44%"
"2019년 07월 09일","12,541.5","12,250.6","12,772.9","12,111.2","847.84K","2.36%"
"2019년 07월 08일","12,252.6","11,415.8","12,332.3","11,304.8","695.60K","7.33%"
"2019년 07월 07일","11,415.9","11,267.9","11,524.6","11,108.1","601.93K","1.31%"
"2019년 07월 06일","11,268.0","10,969.8","11,650.2","10,967.9","688.96K","2.71%"
"2019년 07월 05일","10,970.2","11,159.7","11,381.8","10,810.3","772.67K","-1.73%"
"2019년 07월 04일","11,163.1","11,899.3","11,948.0","11,087.1","840.34K","-6.20%"
"2019년 07월 03일","11,900.8","10,835.9","11,931.8","10,835.9","998.73K","9.83%"
"2019년 07월 02일","10,835.9","10,615.5","10,923.5","9,728.5","1.12M","2.07%"
"2019년 07월 01일","10,616.6","10,821.4","11,254.5","10,041.6","1.04M","-1.87%"
"2019년 06월 30일","10,818.6","11,906.0","12,179.3","10,765.4","880.77K","-9.14%"
"2019년 06월 29일","11,906.5","12,408.0","12,422.9","11,490.8","834.62K","-4.05%"
"2019년 06월 28일","12,409.1","11,288.4","12,461.8","10,970.5","1.09M","9.93%"
"2019년 06월 27일","11,287.8","13,062.4","13,422.0","10,493.5","1.59M","-13.59%"
"2019년 06월 26일","13,063.8","11,811.6","13,929.8","11,747.3","1.48M","10.62%"
"2019년 06월 25일","11,809.9","11,046.6","11,833.9","11,033.7","781.09K","6.91%"
"2019년 06월 24일","11,046.4","10,897.3","11,114.4","10,622.6","566.96K","1.37%"
"2019년 06월 23일","10,897.1","10,721.5","11,361.3","10,557.8","683.79K","1.64%"
"2019년 06월 22일","10,721.7","10,178.1","11,160.5","10,031.3","1.09M","5.33%"
"2019년 06월 21일","10,179.3","9,517.7","10,184.3","9,517.4","769.12K","6.96%"
"2019년 06월 20일","9,517.0","9,255.0","9,583.9","9,188.4","693.62K","2.83%"
"2019년 06월 19일","9,255.4","9,080.7","9,295.1","9,044.0","587.57K","1.93%"
"2019년 06월 18일","9,080.6","9,318.9","9,336.1","8,962.7","723.17K","-2.56%"
"2019년 06월 17일","9,318.8","8,961.0","9,438.1","8,959.8","738.80K","3.98%"
"2019년 06월 16일","8,962.5","8,812.2","9,332.0","8,771.1","849.77K","1.70%"
"2019년 06월 15일","8,812.5","8,655.8","8,856.7","8,582.3","608.69K","1.81%"
"2019년 06월 14일","8,656.1","8,218.6","8,685.3","8,153.2","643.17K","5.32%"
"2019년 06월 13일","8,219.0","8,132.4","8,306.1","8,028.6","574.21K","1.06%"
"2019년 06월 12일","8,133.1","7,888.0","8,198.1","7,805.8","607.89K","3.11%"
"2019년 06월 11일","7,888.0","7,987.8","8,010.4","7,714.5","579.00K","-1.25%"
"2019년 06월 10일","7,987.8","7,635.0","8,012.8","7,523.6","641.38K","4.62%"
"2019년 06월 09일","7,635.0","7,901.6","7,937.5","7,516.9","554.48K","-3.37%"
"2019년 06월 08일","7,901.4","7,985.3","8,044.4","7,770.5","485.81K","-1.05%"
"2019년 06월 07일","7,985.2","7,785.8","8,099.4","7,749.4","588.87K","2.57%"
"2019년 06월 06일","7,784.9","7,779.6","7,861.4","7,480.4","651.82K","0.08%"
"2019년 06월 05일","7,779.1","7,685.6","7,885.0","7,590.4","762.94K","1.22%"
"2019년 06월 04일","7,685.5","8,118.1","8,118.1","7,494.0","966.95K","-5.41%"
"2019년 06월 03일","8,124.8","8,728.6","8,734.9","8,102.7","739.45K","-6.92%"
"2019년 06월 02일","8,728.6","8,545.8","8,807.7","8,534.8","614.54K","2.14%"
"2019년 06월 01일","8,545.7","8,556.9","8,615.8","8,454.0","686.75K","-0.15%"
"2019년 05월 31일","8,558.3","8,271.4","8,578.8","8,135.0","858.41K","3.46%"
"2019년 05월 30일","8,271.9","8,647.8","9,045.9","8,054.7","1.04M","-4.35%"
"2019년 05월 29일","8,647.8","8,715.6","8,747.2","8,435.3","15.43M","-0.79%"
"2019년 05월 28일","8,716.3","8,759.4","8,794.1","8,568.8","763.20K","-0.50%"
"2019년 05월 27일","8,760.1","8,628.9","8,902.8","8,607.3","907.96K","1.51%"
"2019년 05월 26일","8,630.2","8,029.6","8,718.6","7,866.5","872.12K","7.51%"
"2019년 05월 25일","8,027.4","7,971.4","8,090.1","7,919.1","691.27K","0.72%"
"2019년 05월 24일","7,970.1","7,852.8","8,124.1","7,775.4","868.47K","1.50%"
"2019년 05월 23일","7,852.1","7,637.2","7,939.1","7,486.8","815.14K","2.83%"
"2019년 05월 22일","7,635.7","7,928.7","7,999.0","7,545.9","821.40K","-3.72%"
"2019년 05월 21일","7,930.3","7,965.0","8,056.8","7,813.2","804.88K","-0.44%"
"2019년 05월 20일","7,965.3","8,156.4","8,156.4","7,604.0","958.81K","-2.35%"
"2019년 05월 19일","8,157.2","7,261.9","8,253.4","7,252.3","1.08M","12.32%"
"2019년 05월 18일","7,262.6","7,359.9","7,458.5","7,189.4","865.53K","-1.32%"
"2019년 05월 17일","7,359.5","7,871.9","7,924.0","6,998.6","1.43M","-6.51%"
"2019년 05월 16일","7,871.8","8,164.8","8,293.3","7,720.4","1.18M","-3.59%"
"2019년 05월 15일","8,164.6","7,994.8","8,225.3","7,856.5","1.13M","2.13%"
"2019년 05월 14일","7,994.6","7,806.4","8,323.9","7,674.0","1.33M","2.42%"
"2019년 05월 13일","7,806.0","6,984.7","8,058.3","6,893.1","1.20M","11.76%"
"2019년 05월 12일","6,984.8","7,190.0","7,518.9","6,802.6","1.35M","-2.86%"
"2019년 05월 11일","7,190.3","6,386.6","7,373.8","6,386.5","1.31M","12.59%"
"2019년 05월 10일","6,386.0","6,194.3","6,466.6","6,157.8","907.94K","3.14%"
"2019년 05월 09일","6,191.5","5,990.5","6,206.0","5,990.0","799.96K","3.36%"
"2019년 05월 08일","5,990.3","5,849.4","6,011.3","5,799.1","757.13K","2.41%"
"2019년 05월 07일","5,849.5","5,745.5","6,019.8","5,745.5","955.88K","1.82%"
"2019년 05월 06일","5,745.1","5,775.1","5,801.4","5,630.5","755.39K","-0.52%"
"2019년 05월 05일","5,774.9","5,830.8","5,838.2","5,708.2","709.02K","-0.96%"
"2019년 05월 04일","5,830.9","5,768.0","5,899.2","5,605.0","920.61K","1.11%"
"2019년 05월 03일","5,766.8","5,493.6","5,844.2","5,478.7","1.04M","4.97%"
"2019년 05월 02일","5,493.8","5,384.6","5,530.8","5,370.0","722.23K","2.04%"
"2019년 05월 01일","5,384.2","5,321.1","5,396.3","5,319.5","623.64K","1.19%"
"2019년 04월 30일","5,320.8","5,235.4","5,336.6","5,195.9","697.42K","1.64%"
"2019년 04월 29일","5,235.0","5,302.4","5,322.9","5,188.9","775.82K","-1.27%"
"2019년 04월 28일","5,302.3","5,265.7","5,332.5","5,234.4","681.41K","0.69%"
"2019년 04월 27일","5,265.9","5,298.2","5,318.1","5,225.4","833.13K","-0.61%"
"2019년 04월 26일","5,298.3","5,209.2","5,469.3","5,159.3","1.03M","1.71%"
"2019년 04월 25일","5,209.1","5,415.6","5,528.2","5,137.4","955.36K","-3.81%"
"2019년 04월 24일","5,415.6","5,511.2","5,589.6","5,346.8","994.04K","-1.74%"
"2019년 04월 23일","5,511.6","5,346.5","5,594.4","5,291.4","900.00K","3.08%"
"2019년 04월 22일","5,346.7","5,248.2","5,370.2","5,170.2","920.77K","1.97%"
"2019년 04월 21일","5,243.5","5,290.2","5,308.2","5,189.8","811.41K","-0.88%"
"2019년 04월 20일","5,290.2","5,241.0","5,327.0","5,240.2","782.32K","0.94%"
"2019년 04월 19일","5,241.0","5,264.8","5,282.4","5,192.1","787.09K","-0.45%"
"2019년 04월 18일","5,264.7","5,208.3","5,293.1","5,205.0","727.97K","1.08%"
"2019년 04월 17일","5,208.3","5,182.1","5,230.9","5,165.5","806.52K","0.53%"
"2019년 04월 16일","5,180.9","5,031.4","5,198.4","5,014.4","631.05K","2.95%"
"2019년 04월 15일","5,032.3","5,135.1","5,168.0","4,964.2","688.20K","-2.00%"
"2019년 04월 14일","5,134.8","5,052.0","5,153.5","5,010.7","566.38K","1.64%"
"2019년 04월 13일","5,051.8","5,054.2","5,093.4","5,011.6","577.16K","-0.05%"
"2019년 04월 12일","5,054.2","5,022.7","5,080.5","4,889.2","779.14K","0.63%"
"2019년 04월 11일","5,022.6","5,307.7","5,337.0","4,948.0","943.49K","-5.37%"
"2019년 04월 10일","5,307.8","5,158.4","5,404.1","5,142.9","837.51K","2.89%"
"2019년 04월 09일","5,158.4","5,245.0","5,245.9","5,095.2","784.62K","-1.65%"
"2019년 04월 08일","5,245.2","5,173.5","5,300.6","5,060.5","928.23K","1.38%"
"2019년 04월 07일","5,173.6","5,046.1","5,219.5","5,033.7","841.27K","2.53%"
"2019년 04월 06일","5,046.2","5,010.0","5,198.4","4,947.9","952.18K","0.72%"
"2019년 04월 05일","5,010.2","4,902.5","5,029.4","4,888.3","851.72K","2.20%"
"2019년 04월 04일","4,902.4","4,968.7","5,042.5","4,789.2","1.05M","-1.33%"
"2019년 04월 03일","4,968.7","4,859.3","5,278.4","4,814.0","13.83M","2.25%"
"2019년 04월 02일","4,859.3","4,145.1","4,899.6","4,143.5","14.77M","17.23%"
"2019년 04월 01일","4,145.1","4,102.3","4,159.1","4,076.8","3.22M","1.04%"
"2019년 03월 31일","4,102.3","4,111.8","4,121.9","4,082.2","2.43M","-0.23%"
"2019년 03월 30일","4,111.8","4,103.7","4,138.1","4,057.1","2.55M","0.23%"
"2019년 03월 29일","4,102.2","4,025.7","4,123.1","4,022.6","3.30M","1.90%"
"2019년 03월 28일","4,025.6","4,041.7","4,041.7","4,008.4","2.11M","-0.40%"
"2019년 03월 27일","4,041.7","3,942.8","4,043.3","3,936.2","2.78M","2.51%"
"2019년 03월 26일","3,942.8","3,937.1","3,950.7","3,899.9","2.53M","0.15%"
"2019년 03월 25일","3,937.0","3,994.8","4,000.5","3,897.9","2.86M","-1.44%"
"2019년 03월 24일","3,994.7","4,002.6","4,005.7","3,967.0","2.04M","-0.20%"
"2019년 03월 23일","4,002.5","3,990.4","4,018.2","3,980.8","2.00M","0.30%"
"2019년 03월 22일","3,990.4","3,982.2","4,005.7","3,971.8","2.83M","0.21%"
"2019년 03월 21일","3,982.2","4,041.2","4,064.0","3,923.8","3.88M","-1.46%"
"2019년 03월 20일","4,041.2","4,017.0","4,050.0","3,985.3","3.18M","0.60%"
"2019년 03월 19일","4,017.0","3,990.2","4,029.9","3,972.4","2.99M","0.67%"
"2019년 03월 18일","3,990.2","3,981.5","4,032.3","3,958.5","2.62M","0.22%"
"2019년 03월 17일","3,981.5","4,006.4","4,009.8","3,956.3","1.87M","-0.62%"
"2019년 03월 16일","4,006.4","3,924.4","4,050.6","3,923.7","3.46M","2.09%"
"2019년 03월 15일","3,924.3","3,879.0","3,935.7","3,874.8","3.11M","1.17%"
"2019년 03월 14일","3,879.0","3,865.1","3,914.7","3,828.4","2.86M","0.36%"
"2019년 03월 13일","3,865.1","3,885.9","3,894.7","3,847.4","2.28M","-0.54%"
"2019년 03월 12일","3,886.0","3,870.3","3,900.1","3,817.1","2.90M","0.41%"
"2019년 03월 11일","3,870.3","3,915.2","3,935.5","3,842.4","3.19M","-1.15%"
"2019년 03월 10일","3,915.2","3,944.4","3,944.5","3,889.2","1.89M","-0.74%"
"2019년 03월 09일","3,944.3","3,865.6","3,964.0","3,859.7","2.48M","2.03%"
"2019년 03월 08일","3,865.9","3,875.1","3,929.0","3,810.7","2.96M","-0.24%"
"2019년 03월 07일","3,875.1","3,863.1","3,907.4","3,847.9","2.60M","0.32%"
"2019년 03월 06일","3,863.0","3,857.2","3,887.3","3,816.7","2.52M","0.15%"
"2019년 03월 05일","3,857.2","3,715.9","3,873.2","3,705.7","3.82M","3.80%"
"2019년 03월 04일","3,715.9","3,809.7","3,828.4","3,681.8","2.85M","-2.45%"
"2019년 03월 03일","3,809.5","3,823.2","3,836.6","3,789.7","1.51M","-0.36%"
"2019년 03월 02일","3,823.1","3,821.9","3,843.2","3,783.6","1.61M","0.03%"
"2019년 03월 01일","3,821.9","3,816.7","3,855.8","3,816.4","1.74M","0.14%"
"2019년 02월 28일","3,816.6","3,814.6","3,883.7","3,783.3","2.31M","0.05%"
"2019년 02월 27일","3,814.6","3,810.3","3,836.4","3,701.9","2.82M","0.11%"
"2019년 02월 26일","3,810.3","3,833.5","3,845.5","3,775.0","2.09M","-0.61%"
"2019년 02월 25일","3,833.7","3,755.7","3,870.7","3,753.8","765.87K","2.09%"
"2019년 02월 24일","3,755.2","4,120.5","4,194.2","3,738.7","977.78K","-8.86%"
"2019년 02월 23일","4,120.4","3,965.2","4,152.6","3,939.4","727.85K","3.91%"
"2019년 02월 22일","3,965.2","3,937.4","3,983.1","3,931.7","649.55K","0.73%"
"2019년 02월 21일","3,936.6","3,972.0","4,011.5","3,909.2","668.16K","-0.90%"
"2019년 02월 20일","3,972.4","3,914.3","3,983.6","3,881.2","698.01K","1.48%"
"2019년 02월 19일","3,914.3","3,896.4","3,993.8","3,863.7","1.44M","0.47%"
"2019년 02월 18일","3,896.0","3,664.2","3,903.7","3,655.1","933.15K","6.33%"
"2019년 02월 17일","3,664.2","3,616.8","3,689.9","3,607.9","580.51K","1.31%"
"2019년 02월 16일","3,616.8","3,604.7","3,641.9","3,599.7","485.63K","0.34%"
"2019년 02월 15일","3,604.7","3,592.6","3,648.3","3,581.4","516.21K","0.34%"
"2019년 02월 14일","3,592.6","3,611.5","3,624.5","3,580.2","498.14K","-0.52%"
"2019년 02월 13일","3,611.5","3,632.0","3,663.5","3,599.2","558.02K","-0.56%"
"2019년 02월 12일","3,632.0","3,631.8","3,656.4","3,594.4","545.82K","0.01%"
"2019년 02월 11일","3,631.8","3,678.8","3,681.1","3,623.8","517.28K","-1.28%"
"2019년 02월 10일","3,679.0","3,661.0","3,680.6","3,617.1","501.90K","0.48%"
"2019년 02월 09일","3,661.4","3,661.6","3,675.3","3,633.2","454.80K","-0.01%"
"2019년 02월 08일","3,661.7","3,397.3","3,721.1","3,382.5","699.23K","7.77%"
"2019년 02월 07일","3,397.7","3,404.9","3,421.8","3,390.3","471.36K","-0.20%"
"2019년 02월 06일","3,404.3","3,468.5","3,478.0","3,383.9","514.21K","-1.85%"
"2019년 02월 05일","3,468.4","3,463.0","3,485.9","3,450.3","460.95K","0.16%"
"2019년 02월 04일","3,462.8","3,459.0","3,479.7","3,437.1","503.92K","0.11%"
"2019년 02월 03일","3,459.1","3,502.3","3,507.8","3,431.3","451.66K","-1.24%"
"2019년 02월 02일","3,502.5","3,467.9","3,514.5","3,447.8","443.60K","1.00%"
"2019년 02월 01일","3,467.9","3,437.7","3,485.7","3,415.3","481.58K","0.90%"
"2019년 01월 31일","3,437.2","3,460.0","3,484.7","3,427.0","477.07K","-0.66%"
"2019년 01월 30일","3,460.0","3,414.6","3,479.0","3,394.2","600.25K","1.32%"
"2019년 01월 29일","3,414.8","3,442.8","3,450.1","3,368.2","585.46K","-0.81%"
"2019년 01월 28일","3,442.8","3,555.8","3,561.2","3,395.7","620.85K","-3.17%"
"2019년 01월 27일","3,555.6","3,570.9","3,583.2","3,509.2","464.02K","-0.43%"
"2019년 01월 26일","3,570.9","3,572.0","3,652.5","3,556.1","432.55K","-0.03%"
"2019년 01월 25일","3,572.0","3,574.3","3,582.6","3,542.2","448.89K","-0.06%"
"2019년 01월 24일","3,574.3","3,561.4","3,587.0","3,539.7","428.60K","0.36%"
"2019년 01월 23일","3,561.5","3,580.1","3,608.3","3,532.8","445.87K","-0.52%"
"2019년 01월 22일","3,580.1","3,536.9","3,607.9","3,465.2","447.70K","1.23%"
"2019년 01월 21일","3,536.7","3,542.7","3,561.4","3,505.4","394.17K","-0.16%"
"2019년 01월 20일","3,542.3","3,676.2","3,699.1","3,503.9","563.31K","-3.68%"
"2019년 01월 19일","3,677.8","3,605.8","3,715.2","3,604.1","537.06K","2.00%"
"2019년 01월 18일","3,605.6","3,626.3","3,627.9","3,575.7","488.16K","-0.57%"
"2019년 01월 17일","3,626.4","3,588.1","3,636.7","3,554.8","525.10K","1.07%"
"2019년 01월 16일","3,588.0","3,570.6","3,644.1","3,561.4","487.34K","0.47%"
"2019년 01월 15일","3,571.3","3,637.5","3,660.8","3,545.7","544.85K","-1.84%"
"2019년 01월 14일","3,638.1","3,490.4","3,672.0","3,490.4","539.93K","4.24%"
"2019년 01월 13일","3,490.2","3,597.3","3,617.6","3,473.2","452.79K","-2.98%"
"2019년 01월 12일","3,597.2","3,616.6","3,633.9","3,561.3","435.06K","-0.53%"
"2019년 01월 11일","3,616.5","3,603.3","3,655.7","3,563.1","551.64K","0.35%"
"2019년 01월 10일","3,603.7","3,978.9","4,007.7","3,562.1","697.31K","-9.41%"
"2019년 01월 09일","3,978.0","3,971.0","4,014.2","3,957.5","473.42K","0.17%"
"2019년 01월 08일","3,971.0","3,985.8","4,070.5","3,943.1","514.08K","-0.37%"
"2019년 01월 07일","3,985.9","4,004.3","4,028.0","3,945.5","500.88K","-0.45%"
"2019년 01월 06일","4,004.1","3,785.7","4,034.1","3,758.5","529.89K","5.78%"
"2019년 01월 05일","3,785.4","3,802.8","3,846.7","3,769.0","468.45K","-0.46%"
"2019년 01월 04일","3,802.7","3,780.5","3,823.9","3,720.0","488.70K","0.60%"
"2019년 01월 03일","3,780.1","3,874.1","3,875.8","3,753.0","450.32K","-2.42%"
"2019년 01월 02일","3,873.8","3,809.7","3,894.8","3,768.1","554.47K","1.69%"
"2019년 01월 01일","3,809.4","3,709.5","3,814.3","3,664.4","469.11K","2.69%"
"2018년 12월 31일","3,709.4","3,815.1","3,819.6","3,658.8","545.83K","-2.77%"
"2018년 12월 30일","3,815.0","3,708.2","3,837.7","3,682.5","519.17K","2.92%"
"2018년 12월 29일","3,706.8","3,861.6","3,899.6","3,696.0","505.41K","-4.01%"
"2018년 12월 28일","3,861.6","3,587.1","3,900.3","3,565.5","565.24K","7.66%"
"2018년 12월 27일","3,586.9","3,793.4","3,822.6","3,560.8","543.44K","-5.45%"
"2018년 12월 26일","3,793.7","3,762.8","3,841.9","3,680.3","567.11K","0.83%"
"2018년 12월 25일","3,762.5","4,025.6","4,030.7","3,676.5","670.94K","-6.55%"
"2018년 12월 24일","4,026.1","3,944.5","4,208.2","3,941.9","716.29K","2.07%"
"2018년 12월 23일","3,944.4","3,964.3","4,037.1","3,904.6","572.21K","-0.50%"
"2018년 12월 22일","3,964.4","3,850.9","3,977.2","3,803.7","554.59K","2.95%"
"2018년 12월 21일","3,850.9","4,075.2","4,153.1","3,786.9","748.76K","-5.52%"
"2018년 12월 20일","4,076.0","3,687.2","4,140.3","3,665.8","958.58K","10.55%"
"2018년 12월 19일","3,687.1","3,668.1","3,924.7","3,647.5","792.40K","0.52%"
"2018년 12월 18일","3,668.0","3,526.0","3,683.1","3,456.9","698.53K","4.02%"
"2018년 12월 17일","3,526.1","3,248.3","3,597.4","3,243.1","534.78K","8.57%"
"2018년 12월 16일","3,247.9","3,228.6","3,305.0","3,225.9","335.69K","0.60%"
"2018년 12월 15일","3,228.7","3,247.8","3,282.3","3,177.0","332.95K","-0.59%"
"2018년 12월 14일","3,247.8","3,315.4","3,336.6","3,199.1","445.56K","-2.04%"
"2018년 12월 13일","3,315.3","3,466.2","3,474.4","3,284.8","435.89K","-4.35%"
"2018년 12월 12일","3,466.1","3,390.2","3,510.2","3,379.4","391.17K","1.72%"
"2018년 12월 11일","3,407.7","3,460.4","3,485.9","3,349.9","418.53K","-1.53%"
"2018년 12월 10일","3,460.5","3,566.9","3,622.4","3,412.7","394.49K","-3.00%"
"2018년 12월 09일","3,567.5","3,430.3","3,677.6","3,424.2","327.93K","4.00%"
"2018년 12월 08일","3,430.4","3,422.3","3,507.7","3,302.9","424.40K","0.24%"
"2018년 12월 07일","3,422.2","3,508.9","3,626.6","3,251.8","639.33K","-2.46%"
"2018년 12월 06일","3,508.6","3,771.4","3,887.2","3,505.7","467.54K","-6.97%"
"2018년 12월 05일","3,771.6","3,958.1","3,974.1","3,765.2","341.60K","-4.72%"
"2018년 12월 04일","3,958.5","3,899.9","4,082.9","3,809.3","326.71K","1.56%"
"2018년 12월 03일","3,897.8","4,160.3","4,177.0","3,839.9","355.10K","-6.31%"
"2018년 12월 02일","4,160.4","4,196.2","4,316.1","4,105.3","298.63K","-0.85%"
"2018년 12월 01일","4,196.2","4,038.7","4,299.1","3,967.1","316.30K","3.87%"
"2018년 11월 30일","4,039.7","4,296.8","4,340.6","3,954.5","444.52K","-5.98%"
"2018년 11월 29일","4,296.5","4,265.5","4,440.1","4,140.6","414.46K","0.73%"
"2018년 11월 28일","4,265.4","3,866.4","4,391.8","3,866.4","533.04K","10.32%"
"2018년 11월 27일","3,866.5","3,840.3","3,920.6","3,687.8","457.27K","0.77%"
"2018년 11월 26일","3,837.0","4,061.0","4,179.0","3,679.8","571.04K","-5.54%"
"2018년 11월 25일","4,062.2","3,920.3","4,198.4","3,634.2","619.95K","3.62%"
"2018년 11월 24일","3,920.4","4,397.3","4,494.6","3,821.5","382.72K","-10.86%"
"2018년 11월 23일","4,398.0","4,360.9","4,455.6","4,223.7","348.99K","0.96%"
"2018년 11월 22일","4,356.0","4,646.4","4,695.7","4,346.7","261.85K","-6.09%"
"2018년 11월 21일","4,638.7","4,523.0","4,743.7","4,393.0","412.74K","2.52%"
"2018년 11월 20일","4,524.6","4,883.6","5,013.4","4,272.3","714.08K","-7.36%"
"2018년 11월 19일","4,883.8","5,660.4","5,662.5","4,831.1","478.26K","-13.69%"
"2018년 11월 18일","5,658.3","5,621.0","5,727.9","5,615.5","158.68K","0.65%"
"2018년 11월 17일","5,621.8","5,636.2","5,645.5","5,561.4","156.51K","-0.26%"
"2018년 11월 16일","5,636.2","5,723.5","5,747.7","5,539.7","224.12K","-1.45%"
"2018년 11월 15일","5,718.9","5,854.0","5,878.5","5,384.1","375.86K","-2.11%"
"2018년 11월 14일","5,842.4","6,428.9","6,453.3","5,619.2","438.21K","-9.13%"
"2018년 11월 13일","6,429.2","6,435.0","6,466.8","6,386.7","137.60K","-0.09%"
"2018년 11월 12일","6,435.0","6,445.0","6,475.9","6,409.4","130.16K","-0.17%"
"2018년 11월 11일","6,446.1","6,427.1","6,451.7","6,359.0","127.40K","0.30%"
"2018년 11월 10일","6,427.1","6,411.9","6,461.7","6,411.7","115.87K","0.24%"
"2018년 11월 09일","6,412.0","6,473.8","6,496.1","6,390.0","151.60K","-0.96%"
"2018년 11월 08일","6,474.0","6,565.3","6,577.3","6,466.3","159.30K","-1.39%"
"2018년 11월 07일","6,565.3","6,503.1","6,594.3","6,502.0","170.76K","0.96%"
"2018년 11월 06일","6,502.8","6,460.4","6,509.6","6,441.6","154.87K","0.67%"
"2018년 11월 05일","6,459.7","6,478.2","6,489.2","6,431.7","128.51K","-0.29%"
"2018년 11월 04일","6,478.2","6,386.2","6,508.9","6,359.7","128.76K","1.44%"
"2018년 11월 03일","6,386.2","6,424.5","6,429.5","6,346.2","112.84K","-0.60%"
"2018년 11월 02일","6,424.7","6,400.5","6,444.3","6,390.9","135.87K","0.38%"
"2018년 11월 01일","6,400.5","6,365.9","6,421.8","6,354.2","124.16K","0.54%"
"2018년 10월 31일","6,365.9","6,327.9","6,405.7","6,257.8","129.06K","0.64%"
"2018년 10월 30일","6,325.7","6,336.7","6,469.9","6,316.5","128.21K","-0.15%"
"2018년 10월 29일","6,335.0","6,486.1","6,498.4","6,310.5","160.52K","-2.33%"
"2018년 10월 28일","6,486.1","6,494.6","6,502.2","6,461.2","93.97K","-0.12%"
"2018년 10월 27일","6,494.2","6,510.0","6,534.0","6,473.7","76.72K","-0.24%"
"2018년 10월 26일","6,510.0","6,507.0","6,570.5","6,498.5","97.17K","0.05%"
"2018년 10월 25일","6,507.0","6,532.5","6,544.8","6,491.5","97.43K","-0.36%"
"2018년 10월 24일","6,530.7","6,531.2","6,593.8","6,522.6","98.74K","0.03%"
"2018년 10월 23일","6,528.7","6,558.6","6,573.6","6,500.5","108.86K","-0.41%"
"2018년 10월 22일","6,555.8","6,583.0","6,612.7","6,529.5","101.57K","-0.41%"
"2018년 10월 21일","6,583.0","6,575.9","6,643.1","6,568.0","92.94K","0.16%"
"2018년 10월 20일","6,572.2","6,511.7","6,593.7","6,495.9","97.77K","0.92%"
"2018년 10월 19일","6,512.0","6,576.4","6,603.2","6,506.9","121.44K","-0.94%"
"2018년 10월 18일","6,574.1","6,690.1","6,736.3","6,530.6","134.15K","-1.68%"
"2018년 10월 17일","6,686.6","6,718.9","6,745.9","6,637.8","136.71K","-0.28%"
"2018년 10월 16일","6,705.3","6,712.4","6,836.7","6,645.4","155.85K","0.08%"
"2018년 10월 15일","6,699.8","6,326.8","7,358.4","6,300.2","443.33K","5.90%"
"2018년 10월 14일","6,326.8","6,321.6","6,390.9","6,300.0","99.38K","0.08%"
"2018년 10월 13일","6,321.7","6,291.3","6,329.3","6,282.8","94.45K","0.48%"
"2018년 10월 12일","6,291.3","6,239.2","6,344.8","6,206.8","147.40K","0.84%"
"2018년 10월 11일","6,239.1","6,618.0","6,622.5","6,206.2","245.28K","-5.72%"
"2018년 10월 10일","6,618.0","6,650.6","6,653.5","6,526.0","101.93K","-0.49%"
"2018년 10월 09일","6,650.8","6,669.6","6,678.9","6,613.3","80.79K","-0.28%"
"2018년 10월 08일","6,669.6","6,611.0","6,699.5","6,589.9","119.68K","0.89%"
"2018년 10월 07일","6,611.0","6,596.3","6,633.9","6,523.8","77.06K","0.22%"
"2018년 10월 06일","6,596.3","6,639.1","6,661.5","6,550.4","9.18M","-0.65%"
"2018년 10월 05일","6,639.1","6,584.2","6,682.3","6,537.6","9.34M","0.83%"
"2018년 10월 04일","6,584.2","6,509.2","6,653.0","6,487.8","9.31M","1.17%"
"2018년 10월 03일","6,507.8","6,549.9","6,563.5","6,429.6","9.21M","-0.64%"
"2018년 10월 02일","6,549.9","6,608.2","6,645.7","6,034.9","9.34M","-0.88%"
"2018년 10월 01일","6,608.2","6,635.2","6,674.7","6,072.7","9.19M","-0.41%"
"2018년 09월 30일","6,635.2","6,603.9","6,673.9","6,533.5","9.34M","0.47%"
"2018년 09월 29일","6,603.9","6,633.9","6,648.4","6,464.4","9.42M","-0.48%"
"2018년 09월 28일","6,636.0","6,685.7","6,809.2","6,538.6","9.57M","-0.79%"
"2018년 09월 27일","6,689.2","6,463.7","6,738.3","6,428.8","9.34M","3.42%"
"2018년 09월 26일","6,468.1","6,443.0","6,551.9","6,384.1","8.64M","0.36%"
"2018년 09월 25일","6,445.1","6,590.6","6,590.6","5,977.0","7.34M","-2.11%"
"2018년 09월 24일","6,584.1","6,713.3","6,728.1","6,559.1","7.57M","-1.79%"
"2018년 09월 23일","6,704.1","6,729.6","6,789.4","6,666.4","7.34M","-0.38%"
"2018년 09월 22일","6,729.6","6,766.7","6,833.3","6,635.5","7.31M","-0.55%"
"2018년 09월 21일","6,766.7","6,490.9","6,780.5","6,489.8","7.73M","4.28%"
"2018년 09월 20일","6,489.2","6,390.4","6,537.5","6,346.4","5.18M","1.55%"
"2018년 09월 19일","6,390.4","6,342.0","6,478.7","6,144.5","3.54M","0.76%"
"2018년 09월 18일","6,342.0","6,251.9","6,388.8","6,228.8","2.82M","1.44%"
"2018년 09월 17일","6,251.9","6,500.2","6,533.5","6,215.9","3.26M","-3.82%"
"2018년 09월 16일","6,500.2","6,519.0","6,520.8","6,406.2","3.34M","-0.29%"
"2018년 09월 15일","6,519.0","6,482.6","6,562.9","6,470.3","3.16M","0.54%"
"2018년 09월 14일","6,483.7","6,482.9","6,579.4","6,412.1","3.20M","0.01%"
"2018년 09월 13일","6,482.9","6,338.0","6,867.3","6,337.8","3.53M","2.29%"
"2018년 09월 12일","6,338.0","6,293.9","6,353.5","6,204.5","3.04M","0.70%"
"2018년 09월 11일","6,293.9","6,320.7","6,391.8","6,189.6","3.30M","-0.43%"
"2018년 09월 10일","6,321.0","6,238.5","6,358.5","6,237.3","3.11M","1.32%"
"2018년 09월 09일","6,238.5","6,184.3","6,432.6","6,148.8","2.84M","0.88%"
"2018년 09월 08일","6,184.3","6,390.9","6,484.3","6,132.3","3.46M","-3.23%"
"2018년 09월 07일","6,390.9","6,514.1","6,540.6","6,316.2","3.30M","-1.89%"
"2018년 09월 06일","6,514.0","6,706.8","6,732.9","6,337.8","4.02M","-2.87%"
"2018년 09월 05일","6,706.8","7,377.5","7,407.5","6,691.8","4.55M","-9.09%"
"2018년 09월 04일","7,377.5","7,264.2","7,409.9","7,234.5","3.92M","1.56%"
"2018년 09월 03일","7,264.2","7,289.8","7,330.7","7,182.8","3.87M","-0.41%"
"2018년 09월 02일","7,293.9","7,189.6","7,334.8","7,117.3","3.90M","1.45%"
"2018년 09월 01일","7,189.6","7,032.4","7,264.3","7,020.4","3.52M","2.21%"
"2018년 08월 31일","7,033.8","6,993.7","7,080.2","6,698.0","4.21M","0.57%"
"2018년 08월 30일","6,993.7","7,029.2","7,050.2","6,798.0","3.74M","-0.50%"
"2018년 08월 29일","7,029.1","7,074.6","7,121.4","6,926.7","4.11M","-0.64%"
"2018년 08월 28일","7,074.6","6,897.6","7,129.7","6,861.2","3.79M","2.57%"
"2018년 08월 27일","6,897.6","6,712.7","6,902.9","6,650.4","3.26M","2.75%"
"2018년 08월 26일","6,712.7","6,734.9","6,892.7","6,573.1","3.37M","-0.33%"
"2018년 08월 25일","6,734.8","6,680.6","6,783.4","6,655.3","3.59M","0.81%"
"2018년 08월 24일","6,680.4","6,521.2","6,721.2","6,472.8","3.70M","2.44%"
"2018년 08월 23일","6,521.2","6,359.9","6,550.2","6,359.2","2.76M","2.54%"
"2018년 08월 22일","6,359.6","6,482.2","6,840.8","6,304.8","3.63M","-1.89%"
"2018년 08월 21일","6,482.2","6,268.1","6,484.1","6,257.4","1.46M","3.41%"
"2018년 08월 20일","6,268.1","6,474.2","6,516.4","6,255.9","3.10M","-3.29%"
"2018년 08월 19일","6,481.5","6,379.1","6,534.8","6,316.0","2.71M","1.61%"
"2018년 08월 18일","6,379.1","6,581.8","6,626.4","6,295.5","3.15M","-3.08%"
"2018년 08월 17일","6,581.7","6,306.7","6,581.7","6,291.8","3.20M","4.36%"
"2018년 08월 16일","6,306.7","6,256.9","6,470.9","6,249.8","3.50M","0.80%"
"2018년 08월 15일","6,256.9","6,190.2","6,592.8","6,177.9","3.74M","1.08%"
"2018년 08월 14일","6,190.2","6,255.3","6,255.3","5,898.3","3.66M","-1.04%"
"2018년 08월 13일","6,255.3","6,313.0","6,524.1","6,159.6","234.09K","-0.91%"
"2018년 08월 12일","6,313.0","6,232.1","6,453.0","6,169.8","216.33K","1.31%"
"2018년 08월 11일","6,231.6","6,152.8","6,469.6","6,009.8","247.34K","1.29%"
"2018년 08월 10일","6,152.3","6,539.5","6,570.2","6,043.4","298.82K","-5.91%"
"2018년 08월 09일","6,538.8","6,283.7","6,620.2","6,197.0","237.66K","4.06%"
"2018년 08월 08일","6,283.6","6,725.2","6,725.2","6,138.8","311.54K","-6.56%"
"2018년 08월 07일","6,724.9","6,943.6","7,149.7","6,689.9","232.48K","-3.15%"
"2018년 08월 06일","6,943.6","7,027.8","7,143.6","6,852.5","168.87K","-1.19%"
"2018년 08월 05일","7,027.1","7,014.0","7,087.6","6,887.9","177.64K","0.18%"
"2018년 08월 04일","7,014.3","7,418.9","7,484.2","6,949.7","222.57K","-5.46%"
"2018년 08월 03일","7,419.0","7,535.6","7,535.6","7,293.5","226.46K","-1.55%"
"2018년 08월 02일","7,535.6","7,606.4","7,701.4","7,470.6","216.34K","-0.93%"
"2018년 08월 01일","7,606.4","7,728.5","7,753.2","7,449.2","237.69K","-1.59%"
"2018년 07월 31일","7,729.4","8,176.4","8,176.5","7,649.8","266.94K","-5.48%"
"2018년 07월 30일","8,177.1","8,214.7","8,262.0","7,874.4","242.21K","-0.47%"
"2018년 07월 29일","8,215.6","8,231.5","8,275.4","8,113.3","155.24K","-0.22%"
"2018년 07월 28일","8,234.1","8,186.8","8,234.1","8,077.4","147.14K","0.57%"
"2018년 07월 27일","8,187.4","7,936.9","8,273.8","7,808.3","243.22K","3.15%"
"2018년 07월 26일","7,937.0","8,173.9","8,304.3","7,861.0","235.45K","-2.90%"
"2018년 07월 25일","8,173.7","8,404.9","8,484.6","8,062.1","269.23K","-2.78%"
"2018년 07월 24일","8,407.0","7,723.1","8,479.8","7,701.9","345.32K","8.86%"
"2018년 07월 23일","7,723.0","7,412.4","7,809.6","7,379.2","272.15K","4.19%"
"2018년 07월 22일","7,412.3","7,409.0","7,575.3","7,343.7","204.16K","0.05%"
"2018년 07월 21일","7,408.7","7,339.3","7,460.8","7,223.5","160.77K","0.95%"
"2018년 07월 20일","7,339.4","7,477.6","7,683.6","7,292.0","258.85K","-1.85%"
"2018년 07월 19일","7,477.5","7,383.9","7,558.4","7,288.8","247.25K","1.27%"
"2018년 07월 18일","7,383.6","7,321.6","7,581.2","7,249.3","333.32K","0.84%"
"2018년 07월 17일","7,322.0","6,729.8","7,453.2","6,666.0","337.75K","8.80%"
"2018년 07월 16일","6,729.9","6,362.8","6,749.2","6,344.1","312.12K","5.77%"
"2018년 07월 15일","6,362.9","6,254.8","6,399.6","6,238.5","180.67K","1.73%"
"2018년 07월 14일","6,254.8","6,229.5","6,313.5","6,192.5","243.71K","0.40%"
"2018년 07월 13일","6,230.2","6,250.8","6,333.8","6,144.5","233.22K","-0.33%"
"2018년 07월 12일","6,250.6","6,389.1","6,389.4","6,088.8","289.24K","-2.17%"
"2018년 07월 11일","6,389.1","6,307.2","6,409.7","6,296.6","243.82K","1.30%"
"2018년 07월 10일","6,307.2","6,668.4","6,686.8","6,291.5","315.27K","-5.40%"
"2018년 07월 09일","6,667.1","6,715.1","6,793.8","6,637.7","289.48K","-0.71%"
"2018년 07월 08일","6,714.8","6,765.4","6,784.0","6,694.3","267.60K","-0.75%"
"2018년 07월 07일","6,765.5","6,617.7","6,805.9","6,531.1","114.57K","2.23%"
"2018년 07월 06일","6,617.7","6,546.5","6,638.2","6,458.3","132.69K","1.09%"
"2018년 07월 05일","6,546.5","6,598.0","6,693.6","6,466.1","166.18K","-0.79%"
"2018년 07월 04일","6,598.4","6,513.8","6,774.5","6,442.3","143.04K","1.30%"
"2018년 07월 03일","6,513.5","6,618.6","6,676.6","6,513.5","150.19K","-1.60%"
"2018년 07월 02일","6,619.5","6,349.1","6,680.0","6,275.0","179.92K","3.97%"
"2018년 07월 01일","6,366.8","6,398.5","6,445.1","6,284.7","128.51K","-0.50%"
"2018년 06월 30일","6,398.9","6,213.4","6,498.5","6,204.0","189.33K","2.99%"
"2018년 06월 29일","6,213.3","5,883.2","6,284.9","5,818.5","206.96K","5.61%"
"2018년 06월 28일","5,883.5","6,154.9","6,178.4","5,854.0","156.05K","-4.41%"
"2018년 06월 27일","6,154.9","6,081.1","6,187.3","6,025.4","133.42K","1.20%"
"2018년 06월 26일","6,082.1","6,256.9","6,267.7","6,060.0","176.66K","-2.79%"
"2018년 06월 25일","6,256.6","6,155.1","6,331.2","6,101.7","210.69K","1.66%"
"2018년 06월 24일","6,154.6","6,167.9","6,248.3","5,785.3","240.60K","-0.21%"
"2018년 06월 23일","6,167.3","6,055.2","6,259.0","6,032.8","142.90K","1.84%"
"2018년 06월 22일","6,055.7","6,728.2","6,739.7","5,955.0","278.22K","-9.99%"
"2018년 06월 21일","6,728.0","6,765.8","6,797.5","6,695.1","99.29K","-0.55%"
"2018년 06월 20일","6,765.4","6,752.3","6,812.7","6,575.1","121.48K","0.19%"
"2018년 06월 19일","6,752.4","6,719.8","6,839.5","6,681.5","120.54K","0.49%"
"2018년 06월 18일","6,719.8","6,460.5","6,794.5","6,410.9","135.70K","4.02%"
"2018년 06월 17일","6,460.3","6,505.8","6,593.0","6,452.1","90.67K","-0.70%"
"2018년 06월 16일","6,505.8","6,410.0","6,564.2","6,358.0","108.79K","1.49%"
"2018년 06월 15일","6,410.3","6,647.3","6,655.8","6,395.7","143.53K","-3.56%"
"2018년 06월 14일","6,647.1","6,312.3","6,711.5","6,283.6","201.54K","5.30%"
"2018년 06월 13일","6,312.3","6,558.5","6,624.6","6,129.1","237.48K","-3.75%"
"2018년 06월 12일","6,558.2","6,885.9","6,887.2","6,476.0","178.26K","-4.76%"
"2018년 06월 11일","6,885.9","6,775.2","6,910.8","6,657.2","174.88K","1.64%"
"2018년 06월 10일","6,775.1","7,515.8","7,516.3","6,668.1","275.69K","-9.85%"
"2018년 06월 09일","7,515.8","7,622.1","7,689.0","7,493.3","97.56K","-1.40%"
"2018년 06월 08일","7,622.1","7,697.9","7,710.5","7,556.9","112.88K","-0.98%"
"2018년 06월 07일","7,697.8","7,661.0","7,754.7","7,657.7","124.00K","0.48%"
"2018년 06월 06일","7,661.0","7,631.5","7,699.1","7,504.4","130.66K","0.39%"
"2018년 06월 05일","7,631.5","7,507.4","7,672.6","7,391.0","145.23K","1.69%"
"2018년 06월 04일","7,504.3","7,729.3","7,759.9","7,468.4","141.01K","-2.91%"
"2018년 06월 03일","7,729.3","7,646.6","7,775.0","7,611.3","116.68K","1.08%"
"2018년 06월 02일","7,646.6","7,530.8","7,694.5","7,467.9","121.18K","1.54%"
"2018년 06월 01일","7,530.8","7,502.5","7,610.4","7,375.8","135.92K","0.38%"
"2018년 05월 31일","7,502.6","7,400.8","7,611.9","7,355.0","144.52K","1.39%"
"2018년 05월 30일","7,400.1","7,469.2","7,565.2","7,306.8","140.37K","-0.91%"
"2018년 05월 29일","7,467.7","7,119.3","7,533.0","7,069.8","186.97K","4.89%"
"2018년 05월 28일","7,119.3","7,367.3","7,446.9","7,090.6","152.29K","-3.36%"
"2018년 05월 27일","7,366.7","7,361.9","7,411.8","7,267.5","103.29K","0.07%"
"2018년 05월 26일","7,361.3","7,478.5","7,619.3","7,331.5","103.07K","-1.56%"
"2018년 05월 25일","7,477.7","7,593.9","7,653.4","7,355.6","161.82K","-1.52%"
"2018년 05월 24일","7,592.9","7,512.3","7,736.6","7,293.4","211.11K","1.07%"
"2018년 05월 23일","7,512.3","8,005.7","8,047.4","7,467.6","237.60K","-6.17%"
"2018년 05월 22일","8,006.0","8,403.8","8,414.5","7,979.3","137.51K","-4.73%"
"2018년 05월 21일","8,403.3","8,529.5","8,550.6","8,375.5","115.52K","-1.47%"
"2018년 05월 20일","8,529.0","8,243.9","8,580.4","8,184.7","113.76K","3.44%"
"2018년 05월 19일","8,245.1","8,244.7","8,389.1","8,153.2","107.89K","-0.01%"
"2018년 05월 18일","8,245.7","8,064.4","8,273.6","7,939.8","150.32K","2.27%"
"2018년 05월 17일","8,063.0","8,344.6","8,458.7","8,022.3","154.36K","-3.37%"
"2018년 05월 16일","8,344.4","8,477.0","8,496.4","8,120.1","188.03K","-1.56%"
"2018년 05월 15일","8,477.0","8,674.0","8,842.1","8,436.5","179.62K","-2.27%"
"2018년 05월 14일","8,674.1","8,693.4","8,878.3","8,305.1","212.05K","-0.22%"
"2018년 05월 13일","8,693.5","8,489.1","8,758.4","8,330.0","149.80K","2.77%"
"2018년 05월 12일","8,459.5","8,409.6","8,646.1","8,184.1","210.87K","0.61%"
"2018년 05월 11일","8,408.3","9,026.0","9,028.7","8,359.6","270.62K","-6.84%"
"2018년 05월 10일","9,025.7","9,319.2","9,393.3","9,013.4","152.71K","-3.15%"
"2018년 05월 09일","9,319.1","9,194.9","9,377.9","8,988.0","147.89K","1.33%"
"2018년 05월 08일","9,196.4","9,373.9","9,404.4","9,079.8","157.45K","-2.49%"
"2018년 05월 07일","9,431.6","9,651.1","9,675.6","9,204.2","165.08K","-2.33%"
"2018년 05월 06일","9,656.4","9,859.6","9,957.7","9,446.7","150.95K","-2.00%"
"2018년 05월 05일","9,853.5","9,709.5","9,992.8","9,691.3","158.45K","1.49%"
"2018년 05월 04일","9,708.6","9,747.6","9,800.9","9,549.0","161.55K","-0.42%"
"2018년 05월 03일","9,749.7","9,244.2","9,809.4","9,171.4","201.18K","5.48%"
"2018년 05월 02일","9,243.2","9,076.8","9,265.7","8,991.9","137.48K","1.85%"
"2018년 05월 01일","9,074.9","9,245.1","9,245.1","8,851.0","173.35K","-1.84%"
"2018년 04월 30일","9,245.1","9,415.8","9,456.7","9,135.4","156.83K","-1.80%"
"2018년 04월 29일","9,415.1","9,352.2","9,565.1","9,182.8","184.72K","0.67%"
"2018년 04월 28일","9,352.4","8,940.8","9,428.9","8,895.5","199.78K","4.60%"
"2018년 04월 27일","8,940.9","9,282.8","9,386.3","8,920.2","184.91K","-3.73%"
"2018년 04월 26일","9,287.0","8,874.5","9,303.6","8,669.8","248.39K","4.67%"
"2018년 04월 25일","8,873.1","9,645.0","9,753.1","8,768.1","395.67K","-8.01%"
"2018년 04월 24일","9,645.3","8,952.7","9,734.8","8,937.0","260.79K","7.73%"
"2018년 04월 23일","8,952.8","8,809.3","9,001.0","8,785.3","147.54K","1.66%"
"2018년 04월 22일","8,806.7","8,923.6","9,022.3","8,766.5","161.89K","-1.30%"
"2018년 04월 21일","8,923.1","8,867.0","9,027.7","8,614.5","206.01K","0.63%"
"2018년 04월 20일","8,867.0","8,292.3","8,926.2","8,224.5","225.96K","6.95%"
"2018년 04월 19일","8,290.8","8,179.0","8,303.7","8,126.7","155.08K","1.37%"
"2018년 04월 18일","8,178.4","7,908.5","8,227.6","7,895.3","163.26K","3.41%"
"2018년 04월 17일","7,908.6","8,070.0","8,171.7","7,852.8","162.59K","-2.00%"
"2018년 04월 16일","8,070.0","8,362.2","8,412.9","7,908.5","197.70K","-3.51%"
"2018년 04월 15일","8,363.6","8,004.6","8,411.5","8,004.6","160.26K","4.49%"
"2018년 04월 14일","8,004.4","7,891.1","8,180.2","7,839.3","164.71K","1.48%"
"2018년 04월 13일","7,887.4","7,926.9","8,228.0","7,756.6","296.95K","-0.49%"
"2018년 04월 12일","7,926.6","6,963.3","8,009.6","6,779.3","398.30K","13.85%"
"2018년 04월 11일","6,962.1","6,855.6","6,988.6","6,818.4","142.07K","1.56%"
"2018년 04월 10일","6,854.8","6,782.6","6,899.5","6,671.6","134.23K","1.08%"
"2018년 04월 09일","6,781.9","7,035.7","7,192.5","6,633.2","241.19K","-3.54%"
"2018년 04월 08일","7,030.5","6,905.9","7,113.4","6,903.9","132.51K","1.81%"
"2018년 04월 07일","6,905.7","6,624.5","7,071.9","6,616.1","177.10K","4.25%"
"2018년 04월 06일","6,624.3","6,783.7","6,859.7","6,523.4","174.90K","-2.33%"
"2018년 04월 05일","6,782.0","6,808.7","6,918.2","6,592.5","221.70K","-0.40%"
"2018년 04월 04일","6,808.9","7,423.8","7,432.9","6,726.9","239.51K","-8.29%"
"2018년 04월 03일","7,424.2","7,067.2","7,519.3","7,032.9","230.80K","5.03%"
"2018년 04월 02일","7,068.4","6,825.4","7,121.3","6,787.6","199.31K","3.56%"
"2018년 04월 01일","6,825.2","6,939.1","7,047.7","6,460.1","257.53K","-1.63%"
"2018년 03월 31일","6,938.2","6,856.5","7,221.5","6,804.9","245.30K","1.23%"
"2018년 03월 30일","6,853.7","7,132.4","7,288.1","6,603.8","417.31K","-3.86%"
"2018년 03월 29일","7,129.2","7,955.2","7,980.7","6,954.9","348.75K","-10.38%"
"2018년 03월 28일","7,954.9","7,803.0","8,110.4","7,754.5","167.36K","1.96%"
"2018년 03월 27일","7,801.7","8,146.5","8,218.3","7,760.6","223.10K","-4.20%"
"2018년 03월 26일","8,143.5","8,474.0","8,515.7","7,865.9","247.18K","-3.89%"
"2018년 03월 25일","8,473.2","8,549.1","8,679.0","8,392.2","149.52K","-0.87%"
"2018년 03월 24일","8,547.4","8,917.3","9,008.8","8,523.6","177.43K","-4.14%"
"2018년 03월 23일","8,916.8","8,725.3","8,917.0","8,305.6","210.11K","2.18%"
"2018년 03월 22일","8,726.2","8,903.7","9,096.2","8,499.1","223.01K","-2.02%"
"2018년 03월 21일","8,905.9","8,912.4","9,173.4","8,775.1","218.19K","-0.08%"
"2018년 03월 20일","8,912.6","8,614.1","9,039.6","8,326.8","253.44K","3.43%"
"2018년 03월 19일","8,616.8","8,200.9","8,698.3","8,127.7","316.96K","5.07%"
"2018년 03월 18일","8,201.2","7,873.2","8,283.6","7,323.3","348.02K","4.14%"
"2018년 03월 17일","7,874.9","8,198.0","8,344.8","7,760.2","208.05K","-5.00%"
"2018년 03월 16일","8,289.2","8,264.3","8,604.8","7,929.1","236.13K","0.30%"
"2018년 03월 15일","8,264.4","8,210.2","8,427.0","7,691.7","326.53K","0.66%"
"2018년 03월 14일","8,210.6","9,154.9","9,353.4","7,958.5","305.45K","-10.32%"
"2018년 03월 13일","9,154.9","9,138.7","9,482.0","8,875.1","239.46K","0.19%"
"2018년 03월 12일","9,137.4","9,535.8","9,892.2","8,804.1","257.91K","-4.12%"
"2018년 03월 11일","9,529.6","8,732.2","9,719.6","8,516.4","266.59K","8.76%"
"2018년 03월 10일","8,762.0","9,216.2","9,500.0","8,691.1","198.73K","-4.94%"
"2018년 03월 09일","9,217.0","9,301.9","9,420.5","8,351.0","371.46K","-0.89%"
"2018년 03월 08일","9,300.0","9,910.7","10,109.0","9,037.0","256.26K","-6.09%"
"2018년 03월 07일","9,902.9","10,779.0","10,899.0","9,422.1","284.54K","-7.23%"
"2018년 03월 06일","10,675.1","11,314.2","11,316.4","10,412.0","230.65K","-5.78%"
"2018년 03월 05일","11,330.6","11,415.7","11,506.9","11,281.2","162.11K","-0.75%"
"2018년 03월 04일","11,416.5","11,402.8","11,490.3","10,878.4","156.40K","0.12%"
"2018년 03월 03일","11,402.3","10,822.5","11,420.7","9,585.5","172.20K","5.31%"
"2018년 03월 02일","10,827.7","10,904.5","11,167.0","10,677.1","201.69K","-0.70%"
"2018년 03월 01일","10,904.5","10,335.1","11,047.8","10,248.7","188.77K","5.52%"
"2018년 02월 28일","10,333.9","10,584.4","11,070.7","10,303.4","215.22K","-2.46%"
"2018년 02월 27일","10,594.4","10,287.8","10,867.2","10,120.5","202.58K","3.01%"
"2018년 02월 26일","10,285.1","9,590.9","10,378.4","9,410.3","235.94K","7.30%"
"2018년 02월 25일","9,585.2","9,703.1","9,860.3","9,330.1","196.49K","-1.23%"
"2018년 02월 24일","9,704.3","10,163.8","10,506.1","9,394.5","239.16K","-4.58%"
"2018년 02월 23일","10,170.4","9,840.6","10,419.1","9,597.8","271.50K","3.34%"
"2018년 02월 22일","9,841.7","10,470.1","10,930.2","9,743.9","316.63K","-6.03%"
"2018년 02월 21일","10,473.0","11,240.9","11,289.7","10,252.2","327.14K","-6.81%"
"2018년 02월 20일","11,238.7","11,169.7","11,791.5","11,119.9","267.56K","0.62%"
"2018년 02월 19일","11,169.4","10,396.6","11,250.5","10,324.8","215.20K","7.41%"
"2018년 02월 18일","10,398.8","11,073.7","11,271.6","10,137.2","288.91K","-6.09%"
"2018년 02월 17일","11,073.5","10,177.3","11,095.9","10,070.9","224.76K","8.79%"
"2018년 02월 16일","10,178.7","10,031.3","10,294.3","9,707.7","206.44K","1.41%"
"2018년 02월 15일","10,037.3","9,475.6","10,206.8","9,348.5","291.28K","5.92%"
"2018년 02월 14일","9,476.3","8,542.6","9,500.0","8,541.6","246.88K","10.97%"
"2018년 02월 13일","8,539.2","8,906.2","8,942.7","8,378.0","195.87K","-4.09%"
"2018년 02월 12일","8,903.5","8,083.6","8,984.9","8,083.6","238.67K","10.17%"
"2018년 02월 11일","8,081.9","8,559.7","8,564.2","7,843.7","236.20K","-5.58%"
"2018년 02월 10일","8,559.6","8,697.3","9,066.6","8,172.2","263.53K","-1.61%"
"2018년 02월 09일","8,699.8","8,163.6","8,735.6","7,784.6","233.94K","6.56%"
"2018년 02월 08일","8,164.2","7,595.1","8,489.9","7,595.1","296.10K","7.50%"
"2018년 02월 07일","7,594.7","7,693.8","8,536.5","7,196.6","445.62K","-1.38%"
"2018년 02월 06일","7,701.2","6,939.3","7,896.2","5,996.6","886.88K","10.99%"
"2018년 02월 05일","6,938.5","8,220.8","8,383.2","6,651.9","593.89K","-15.61%"
"2018년 02월 04일","8,222.2","9,241.5","9,382.1","7,932.1","280.94K","-11.03%"
"2018년 02월 03일","9,241.1","8,894.4","9,506.9","8,249.3","248.71K","3.91%"
"2018년 02월 02일","8,893.2","9,179.8","9,201.4","7,915.8","519.40K","-3.14%"
"2018년 02월 01일","9,181.1","10,266.2","10,303.0","8,789.2","358.40K","-10.56%"
"2018년 01월 31일","10,265.4","10,166.3","10,397.7","9,742.2","208.47K","0.98%"
"2018년 01월 30일","10,166.0","11,244.5","11,277.2","9,917.7","264.72K","-9.59%"
"2018년 01월 29일","11,244.8","11,794.9","11,888.1","11,119.0","137.42K","-4.67%"
"2018년 01월 28일","11,795.1","11,471.2","12,112.7","11,433.3","154.63K","2.86%"
"2018년 01월 27일","11,467.5","11,118.0","11,621.7","10,908.4","163.49K","3.14%"
"2018년 01월 26일","11,118.1","11,203.1","11,655.3","10,389.4","253.91K","-0.76%"
"2018년 01월 25일","11,203.0","11,439.9","11,740.9","10,983.8","181.81K","-2.18%"
"2018년 01월 24일","11,452.3","10,899.4","11,549.5","10,584.5","136.06K","5.04%"
"2018년 01월 23일","10,903.2","10,869.0","11,438.0","10,056.6","188.37K","0.35%"
"2018년 01월 22일","10,864.8","11,597.5","11,970.9","10,136.8","201.73K","-6.30%"
"2018년 01월 21일","11,594.9","12,857.1","12,860.2","11,164.5","206.96K","-9.83%"
"2018년 01월 20일","12,858.9","11,579.2","13,082.2","11,567.3","143.90K","11.04%"
"2018년 01월 19일","11,580.2","11,229.6","11,973.2","10,901.5","170.74K","2.98%"
"2018년 01월 18일","11,245.4","11,202.0","12,004.7","10,660.2","242.45K","0.47%"
"2018년 01월 17일","11,192.3","11,357.7","11,769.6","9,271.3","361.80K","-1.49%"
"2018년 01월 16일","11,362.0","13,704.4","13,711.0","10,050.7","317.10K","-17.05%"
"2018년 01월 15일","13,697.5","13,695.5","14,396.6","13,475.4","73.27K","0.02%"
"2018년 01월 14일","13,695.2","14,291.9","14,446.1","13,094.7","85.12K","-4.18%"
"2018년 01월 13일","14,292.2","13,896.0","14,640.7","13,888.2","61.14K","2.92%"
"2018년 01월 12일","13,886.7","13,529.2","14,176.4","13,410.0","82.37K","2.60%"
"2018년 01월 11일","13,535.4","15,046.7","15,109.1","13,048.3","167.81K","-10.02%"
"2018년 01월 10일","15,043.0","14,778.5","15,045.4","13,613.1","87.07K","1.79%"
"2018년 01월 09일","14,778.5","14,976.2","15,324.6","14,613.4","71.40K","-1.32%"
"2018년 01월 08일","14,976.2","16,228.3","16,302.9","13,902.3","142.45K","-7.71%"
"2018년 01월 07일","16,228.2","17,174.5","17,184.8","15,791.1","79.01K","-5.50%"
"2018년 01월 06일","17,172.3","16,954.8","17,252.8","16,286.6","83.93K","1.28%"
"2018년 01월 05일","16,954.8","15,180.1","17,126.9","14,832.4","141.96K","11.69%"
"2018년 01월 04일","15,180.1","15,156.5","15,408.7","14,244.7","110.97K","0.15%"
"2018년 01월 03일","15,156.6","14,754.1","15,435.0","14,579.7","106.54K","2.73%"
"2018년 01월 02일","14,754.1","13,444.9","15,306.1","12,934.2","137.73K","9.74%"
"2018년 01월 01일","13,444.9","13,850.5","13,921.5","12,877.7","78.43K","-2.93%"
"2017년 12월 31일","13,850.4","12,532.4","14,241.8","12,359.4","111.27K","10.52%"
"2017년 12월 30일","12,531.5","14,392.1","14,461.5","11,962.1","182.07K","-12.93%"
"2017년 12월 29일","14,392.6","14,398.5","15,109.8","13,951.1","118.88K","-0.04%"
"2017년 12월 28일","14,398.7","15,416.3","15,505.5","13,466.1","170.37K","-6.60%"
"2017년 12월 27일","15,416.6","15,757.0","16,514.6","14,534.7","138.71K","-2.16%"
"2017년 12월 26일","15,756.6","13,830.2","16,094.7","13,748.5","143.14K","13.90%"
"2017년 12월 25일","13,833.5","13,790.0","14,467.4","13,010.7","107.48K","0.32%"
"2017년 12월 24일","13,790.0","14,396.6","14,413.7","12,166.5","182.42K","-4.21%"
"2017년 12월 23일","14,396.5","13,665.0","15,493.2","13,356.1","170.17K","5.35%"
"2017년 12월 22일","13,665.0","15,632.1","15,823.7","10,875.7","466.98K","-12.58%"
"2017년 12월 21일","15,632.1","16,461.1","17,301.8","14,953.0","163.74K","-5.04%"
"2017년 12월 20일","16,462.0","17,521.7","17,813.6","15,642.7","227.68K","-6.06%"
"2017년 12월 19일","17,523.7","18,971.2","19,022.0","16,812.8","174.54K","-7.64%"
"2017년 12월 18일","18,972.3","19,065.7","19,221.1","18,114.4","139.25K","-0.49%"
"2017년 12월 17일","19,065.7","19,346.6","19,870.6","18,750.9","117.41K","-1.45%"
"2017년 12월 16일","19,345.5","17,594.1","19,587.7","17,318.5","112.17K","9.89%"
"2017년 12월 15일","17,604.8","16,467.9","17,987.0","16,442.2","153.65K","6.90%"
"2017년 12월 14일","16,467.9","16,286.8","16,941.1","16,023.6","107.92K","1.11%"
"2017년 12월 13일","16,286.8","17,083.9","17,268.0","15,669.9","155.41K","-4.67%"
"2017년 12월 12일","17,083.9","16,733.3","17,560.7","16,254.5","132.85K","2.10%"
"2017년 12월 11일","16,732.5","15,060.5","17,399.2","15,024.6","159.73K","11.11%"
"2017년 12월 10일","15,059.6","14,840.0","15,783.2","13,031.0","201.62K","1.46%"
"2017년 12월 09일","14,843.4","16,048.2","16,313.2","13,151.5","181.98K","-7.50%"
"2017년 12월 08일","16,047.6","16,868.0","17,294.8","13,906.1","286.76K","-4.76%"
"2017년 12월 07일","16,850.3","13,750.1","16,879.3","13,401.6","297.11K","22.55%"
"2017년 12월 06일","13,749.6","11,667.1","13,843.2","11,661.8","191.58K","17.85%"
"2017년 12월 05일","11,667.1","11,624.4","11,901.9","11,486.1","89.69K","0.37%"
"2017년 12월 04일","11,623.9","11,244.2","11,624.6","10,917.8","93.17K","3.36%"
"2017년 12월 03일","11,246.2","10,912.7","11,851.1","10,578.4","122.13K","3.06%"
"2017년 12월 02일","10,912.7","10,861.5","11,175.2","10,715.5","86.83K","0.47%"
"2017년 12월 01일","10,861.5","9,947.1","10,942.8","9,420.9","131.92K","9.20%"
"2017년 11월 30일","9,946.8","9,848.0","10,689.1","9,023.8","187.01K","1.11%"
"2017년 11월 29일","9,837.9","9,906.0","11,417.8","8,938.7","233.33K","-0.69%"
"2017년 11월 28일","9,906.0","9,732.6","9,969.6","9,638.2","87.76K","1.78%"
"2017년 11월 27일","9,733.2","9,318.4","9,733.6","9,316.8","106.90K","4.45%"
"2017년 11월 26일","9,318.4","8,754.6","9,474.6","8,746.6","85.89K","6.44%"
"2017년 11월 25일","8,754.7","8,203.5","8,762.0","8,153.7","84.67K","6.75%"
"2017년 11월 24일","8,200.8","8,013.4","8,332.9","7,900.2","73.00K","2.34%"
"2017년 11월 23일","8,013.4","8,234.5","8,266.5","8,012.4","68.01K","-2.69%"
"2017년 11월 22일","8,234.5","8,099.9","8,304.4","8,091.6","65.81K","1.66%"
"2017년 11월 21일","8,100.0","8,245.9","8,368.4","7,819.1","115.45K","-1.76%"
"2017년 11월 20일","8,244.7","8,042.6","8,294.1","7,947.3","75.70K","2.51%"
"2017년 11월 19일","8,042.6","7,781.0","8,100.9","7,675.4","68.62K","3.36%"
"2017년 11월 18일","7,780.9","7,700.0","7,857.5","7,458.9","74.38K","1.05%"
"2017년 11월 17일","7,700.0","7,853.7","8,000.2","7,534.7","117.35K","-1.96%"
"2017년 11월 16일","7,853.7","7,283.0","7,964.6","7,119.2","133.94K","7.83%"
"2017년 11월 15일","7,283.2","6,597.1","7,330.1","6,596.9","131.12K","10.40%"
"2017년 11월 14일","6,597.1","6,522.5","6,728.6","6,419.2","96.50K","1.14%"
"2017년 11월 13일","6,522.5","5,878.1","6,760.1","5,828.3","178.34K","10.96%"
"2017년 11월 12일","5,878.1","6,339.9","6,490.5","5,493.6","269.83K","-7.28%"
"2017년 11월 11일","6,339.9","6,565.8","6,821.5","6,197.9","135.72K","-3.44%"
"2017년 11월 10일","6,565.8","7,129.6","7,319.0","6,406.0","222.00K","-7.91%"
"2017년 11월 09일","7,129.6","7,444.4","7,457.1","7,040.8","126.77K","-4.23%"
"2017년 11월 08일","7,444.4","7,102.2","7,869.1","7,027.0","220.22K","4.81%"
"2017년 11월 07일","7,102.8","6,959.3","7,222.4","6,957.8","101.05K","2.06%"
"2017년 11월 06일","6,959.2","7,389.5","7,429.7","6,934.7","159.69K","-5.82%"
"2017년 11월 05일","7,389.5","7,363.8","7,599.4","7,284.3","105.73K","0.35%"
"2017년 11월 04일","7,363.8","7,147.0","7,492.2","6,957.8","106.60K","2.96%"
"2017년 11월 03일","7,152.1","7,024.8","7,445.6","6,938.9","154.89K","1.81%"
"2017년 11월 02일","7,024.8","6,737.8","7,339.9","6,737.8","238.80K","4.26%"
"2017년 11월 01일","6,737.8","6,449.1","6,738.7","6,355.0","133.19K","4.44%"
"2017년 10월 31일","6,451.2","6,124.3","6,467.2","6,090.8","101.25K","5.34%"
"2017년 10월 30일","6,124.3","6,147.7","6,226.2","6,019.0","78.62K","-0.38%"
"2017년 10월 29일","6,147.5","5,726.6","6,295.4","5,679.4","163.06K","7.35%"
"2017년 10월 28일","5,726.6","5,764.6","5,871.0","5,654.8","53.23K","-0.66%"
"2017년 10월 27일","5,764.6","5,887.6","5,997.8","5,692.3","83.93K","-2.09%"
"2017년 10월 26일","5,887.6","5,734.0","5,970.4","5,689.9","93.68K","2.68%"
"2017년 10월 25일","5,734.0","5,513.1","5,748.0","5,375.6","105.84K","4.01%"
"2017년 10월 24일","5,513.1","5,903.6","5,904.6","5,463.4","143.74K","-6.62%"
"2017년 10월 23일","5,903.6","5,982.9","6,049.0","5,644.2","137.14K","-1.32%"
"2017년 10월 22일","5,982.9","6,006.6","6,070.6","5,723.0","105.03K","-0.40%"
"2017년 10월 21일","6,006.6","5,993.1","6,187.2","5,874.5","112.94K","0.23%"
"2017년 10월 20일","5,993.1","5,698.6","6,075.3","5,611.4","123.86K","5.17%"
"2017년 10월 19일","5,698.6","5,576.7","5,737.4","5,517.6","83.06K","2.20%"
"2017년 10월 18일","5,575.8","5,598.6","5,601.3","5,114.9","122.02K","-0.41%"
"2017년 10월 17일","5,598.6","5,759.3","5,773.3","5,521.1","65.64K","-2.79%"
"2017년 10월 16일","5,759.3","5,677.4","5,795.3","5,576.1","61.36K","1.25%"
"2017년 10월 15일","5,688.1","5,824.7","5,862.7","5,448.2","101.64K","-2.34%"
"2017년 10월 14일","5,824.7","5,637.3","5,839.6","5,568.9","76.22K","3.33%"
"2017년 10월 13일","5,637.3","5,432.6","5,852.8","5,392.0","215.02K","3.77%"
"2017년 10월 12일","5,432.6","4,824.2","5,432.6","4,815.0","163.92K","12.61%"
"2017년 10월 11일","4,824.2","4,763.4","4,874.9","4,718.6","70.48K","1.28%"
"2017년 10월 10일","4,763.4","4,777.5","4,930.0","4,722.8","98.49K","-0.30%"
"2017년 10월 09일","4,777.5","4,611.7","4,875.4","4,556.1","110.19K","3.59%"
"2017년 10월 08일","4,611.7","4,435.8","4,622.9","4,419.4","71.37K","3.97%"
"2017년 10월 07일","4,435.8","4,371.9","4,472.9","4,319.5","40.20K","1.46%"
"2017년 10월 06일","4,371.9","4,321.4","4,422.1","4,296.9","61.69K","1.17%"
"2017년 10월 05일","4,321.4","4,218.7","4,365.8","4,143.4","63.61K","2.44%"
"2017년 10월 04일","4,218.7","4,314.2","4,355.3","4,183.6","64.08K","-2.21%"
"2017년 10월 03일","4,314.2","4,401.3","4,436.0","4,230.7","81.87K","-1.98%"
"2017년 10월 02일","4,401.3","4,403.1","4,477.4","4,364.7","71.20K","-0.04%"
"2017년 10월 01일","4,403.1","4,360.6","4,412.6","4,258.3","60.58K","0.97%"
"2017년 09월 30일","4,360.6","4,172.8","4,383.3","4,164.3","67.49K","4.50%"
"2017년 09월 29일","4,172.8","4,195.6","4,237.5","4,030.4","97.80K","-0.54%"
"2017년 09월 28일","4,195.6","4,212.2","4,274.6","4,112.9","92.23K","-0.39%"
"2017년 09월 27일","4,212.2","3,892.7","4,232.4","3,882.1","117.60K","8.21%"
"2017년 09월 26일","3,892.7","3,932.8","3,982.3","3,858.8","63.25K","-1.02%"
"2017년 09월 25일","3,932.8","3,667.5","3,971.5","3,665.7","100.20K","7.23%"
"2017년 09월 24일","3,667.5","3,788.0","3,790.9","3,633.9","49.66K","-3.18%"
"2017년 09월 23일","3,788.0","3,600.8","3,813.4","3,563.2","67.82K","5.20%"
"2017년 09월 22일","3,600.8","3,617.3","3,753.5","3,505.8","114.72K","-0.45%"
"2017년 09월 21일","3,617.3","3,882.2","3,912.8","3,576.5","145.13K","-6.82%"
"2017년 09월 20일","3,882.2","3,908.0","4,053.0","3,846.8","86.65K","-0.66%"
"2017년 09월 19일","3,908.0","4,100.3","4,120.7","3,852.2","123.22K","-4.69%"
"2017년 09월 18일","4,100.3","3,689.6","4,122.8","3,689.0","147.93K","11.13%"
"2017년 09월 17일","3,689.6","3,698.9","3,796.6","3,485.8","96.07K","-0.25%"
"2017년 09월 16일","3,698.9","3,713.8","3,893.7","3,551.8","169.36K","-0.40%"
"2017년 09월 15일","3,713.8","3,243.1","3,824.4","2,979.9","448.55K","14.51%"
"2017년 09월 14일","3,243.1","3,870.3","3,930.7","3,219.0","317.59K","-16.21%"
"2017년 09월 13일","3,870.3","4,158.9","4,174.6","3,752.0","186.54K","-6.94%"
"2017년 09월 12일","4,158.9","4,217.9","4,387.8","4,075.0","107.04K","-1.40%"
"2017년 09월 11일","4,217.9","4,245.9","4,364.4","4,134.6","88.76K","-0.66%"
"2017년 09월 10일","4,245.9","4,335.1","4,338.1","4,032.1","108.08K","-2.06%"
"2017년 09월 09일","4,335.1","4,326.5","4,402.1","4,185.3","77.09K","0.20%"
"2017년 09월 08일","4,326.5","4,635.6","4,699.6","4,130.9","180.36K","-6.67%"
"2017년 09월 07일","4,635.6","4,618.7","4,690.5","4,493.2","70.53K","0.37%"
"2017년 09월 06일","4,618.7","4,409.1","4,660.0","4,401.5","110.93K","4.75%"
"2017년 09월 05일","4,409.1","4,267.5","4,496.7","4,004.6","158.41K","3.32%"
"2017년 09월 04일","4,267.5","4,612.9","4,621.0","4,098.6","170.40K","-7.49%"
"2017년 09월 03일","4,612.9","4,573.8","4,719.8","4,397.7","102.82K","0.86%"
"2017년 09월 02일","4,573.8","4,921.9","4,976.5","4,448.6","160.77K","-7.07%"
"2017년 09월 01일","4,921.9","4,735.1","4,925.2","4,690.2","102.01K","3.94%"
"2017년 08월 31일","4,735.1","4,583.0","4,765.1","4,580.1","72.29K","3.32%"
"2017년 08월 30일","4,583.0","4,597.3","4,644.1","4,491.8","68.47K","-0.31%"
"2017년 08월 29일","4,597.3","4,390.3","4,647.8","4,350.2","100.80K","4.71%"
"2017년 08월 28일","4,390.3","4,345.8","4,403.1","4,195.2","75.49K","1.03%"
"2017년 08월 27일","4,345.8","4,352.3","4,408.2","4,321.1","42.52K","-0.15%"
"2017년 08월 26일","4,352.3","4,364.4","4,379.3","4,263.3","46.16K","-0.28%"
"2017년 08월 25일","4,364.4","4,318.4","4,461.7","4,292.6","82.90K","1.07%"
"2017년 08월 24일","4,318.4","4,141.1","4,364.1","4,111.7","72.36K","4.28%"
"2017년 08월 23일","4,141.1","4,089.7","4,255.6","4,070.5","96.65K","1.26%"
"2017년 08월 22일","4,089.7","4,005.1","4,142.7","3,612.2","169.14K","2.11%"
"2017년 08월 21일","4,005.1","4,066.6","4,097.3","3,966.9","90.65K","-1.51%"
"2017년 08월 20일","4,066.6","4,150.5","4,182.3","4,034.4","70.16K","-2.02%"
"2017년 08월 19일","4,150.5","4,105.4","4,189.7","3,957.5","113.72K","1.10%"
"2017년 08월 18일","4,105.4","4,278.9","4,362.7","3,978.3","144.40K","-4.06%"
"2017년 08월 17일","4,278.9","4,387.4","4,487.5","4,194.1","127.48K","-2.47%"
"2017년 08월 16일","4,387.4","4,161.7","4,398.1","3,938.6","112.90K","5.42%"
"2017년 08월 15일","4,161.7","4,327.9","4,436.5","3,837.1","211.58K","-3.84%"
"2017년 08월 14일","4,327.9","4,062.6","4,336.7","3,978.9","128.46K","6.53%"
"2017년 08월 13일","4,062.6","3,871.6","4,189.4","3,847.3","158.59K","4.93%"
"2017년 08월 12일","3,871.6","3,654.4","3,967.3","3,611.4","123.59K","5.94%"
"2017년 08월 11일","3,654.4","3,425.7","3,706.5","3,409.8","97.56K","6.68%"
"2017년 08월 10일","3,425.7","3,348.8","3,453.8","3,322.9","71.00K","2.30%"
"2017년 08월 09일","3,348.8","3,429.4","3,437.1","3,251.0","97.06K","-2.35%"
"2017년 08월 08일","3,429.4","3,401.9","3,494.9","3,357.1","106.94K","0.81%"
"2017년 08월 07일","3,401.9","3,232.0","3,425.1","3,198.5","88.11K","5.26%"
"2017년 08월 06일","3,232.0","3,262.8","3,295.1","3,166.5","60.66K","-0.94%"
"2017년 08월 05일","3,262.8","2,878.5","3,344.0","2,875.9","159.40K","13.35%"
"2017년 08월 04일","2,878.5","2,810.0","2,892.7","2,779.5","68.76K","2.44%"
"2017년 08월 03일","2,810.0","2,720.5","2,822.9","2,717.6","68.10K","3.29%"
"2017년 08월 02일","2,720.5","2,747.0","2,773.8","2,668.9","81.82K","-0.96%"
"2017년 08월 01일","2,747.0","2,883.3","2,946.0","2,659.6","123.17K","-4.73%"
"2017년 07월 31일","2,883.3","2,766.5","2,916.3","2,723.1","91.12K","4.22%"
"2017년 07월 30일","2,766.5","2,733.5","2,773.1","2,621.7","82.72K","1.21%"
"2017년 07월 29일","2,733.5","2,806.8","2,812.1","2,699.4","84.49K","-2.61%"
"2017년 07월 28일","2,806.8","2,691.9","2,843.8","2,683.6","138.91K","4.27%"
"2017년 07월 27일","2,691.9","2,559.2","2,712.9","2,547.7","103.83K","5.18%"
"2017년 07월 26일","2,559.2","2,582.6","2,631.7","2,441.5","135.50K","-0.90%"
"2017년 07월 25일","2,582.6","2,763.4","2,779.1","2,472.6","205.88K","-6.54%"
"2017년 07월 24일","2,763.4","2,756.6","2,798.9","2,715.7","83.01K","0.25%"
"2017년 07월 23일","2,756.6","2,836.5","2,856.7","2,675.6","108.23K","-2.82%"
"2017년 07월 22일","2,836.5","2,675.1","2,876.7","2,658.6","121.92K","6.04%"
"2017년 07월 21일","2,675.1","2,866.0","2,874.0","2,622.5","193.76K","-6.66%"
"2017년 07월 20일","2,866.0","2,282.6","2,932.8","2,282.1","310.34K","25.56%"
"2017년 07월 19일","2,282.6","2,320.2","2,412.4","2,243.1","154.32K","-1.62%"
"2017년 07월 18일","2,320.2","2,233.4","2,400.7","2,164.6","202.62K","3.89%"
"2017년 07월 17일","2,233.4","1,914.1","2,233.8","1,913.8","176.89K","16.68%"
"2017년 07월 16일","1,914.1","1,975.1","2,044.4","1,809.0","189.64K","-3.09%"
"2017년 07월 15일","1,975.1","2,234.2","2,237.1","1,974.0","155.32K","-11.60%"
"2017년 07월 14일","2,234.2","2,362.4","2,370.5","2,165.4","114.41K","-5.43%"
"2017년 07월 13일","2,362.4","2,403.1","2,436.7","2,335.0","88.17K","-1.69%"
"2017년 07월 12일","2,403.1","2,324.3","2,424.8","2,262.1","109.52K","3.39%"
"2017년 07월 11일","2,324.3","2,344.0","2,412.8","2,265.5","146.63K","-0.84%"
"2017년 07월 10일","2,344.0","2,511.4","2,530.3","2,271.8","123.80K","-6.67%"
"2017년 07월 09일","2,511.4","2,564.9","2,576.7","2,509.6","39.16K","-2.08%"
"2017년 07월 08일","2,564.9","2,513.9","2,568.7","2,480.6","54.51K","2.03%"
"2017년 07월 07일","2,513.9","2,614.2","2,617.5","2,484.7","90.45K","-3.84%"
"2017년 07월 06일","2,614.2","2,627.9","2,634.8","2,581.8","60.16K","-0.52%"
"2017년 07월 05일","2,627.9","2,617.3","2,642.7","2,562.0","89.72K","0.40%"
"2017년 07월 04일","2,617.3","2,572.5","2,658.7","2,570.0","80.68K","1.74%"
"2017년 07월 03일","2,572.5","2,536.5","2,617.5","2,506.3","83.42K","1.42%"
"2017년 07월 02일","2,536.5","2,424.6","2,555.3","2,375.9","67.76K","4.61%"
"2017년 07월 01일","2,424.6","2,480.6","2,529.6","2,387.5","66.32K","-2.26%"
"2017년 06월 30일","2,480.6","2,558.4","2,576.3","2,469.5","73.00K","-3.04%"
"2017년 06월 29일","2,558.4","2,577.7","2,605.9","2,526.5","75.32K","-0.75%"
"2017년 06월 28일","2,577.7","2,583.8","2,616.9","2,490.1","110.42K","-0.23%"
"2017년 06월 27일","2,583.8","2,446.1","2,585.1","2,309.6","159.26K","5.63%"
"2017년 06월 26일","2,446.1","2,541.6","2,584.8","2,327.3","165.83K","-3.76%"
"2017년 06월 25일","2,541.6","2,590.1","2,660.7","2,472.4","86.97K","-1.87%"
"2017년 06월 24일","2,590.1","2,710.4","2,741.6","2,540.4","86.96K","-4.44%"
"2017년 06월 23일","2,710.4","2,722.8","2,759.7","2,699.5","56.94K","-0.46%"
"2017년 06월 22일","2,722.8","2,677.6","2,757.3","2,623.2","78.30K","1.69%"
"2017년 06월 21일","2,677.6","2,754.4","2,804.4","2,624.4","116.03K","-2.79%"
"2017년 06월 20일","2,754.4","2,616.8","2,800.5","2,614.0","111.30K","5.26%"
"2017년 06월 19일","2,616.8","2,539.6","2,617.8","2,518.8","81.83K","3.04%"
"2017년 06월 18일","2,539.6","2,655.1","2,676.0","2,488.6","92.00K","-4.35%"
"2017년 06월 17일","2,655.1","2,508.6","2,690.7","2,454.8","95.95K","5.84%"
"2017년 06월 16일","2,508.6","2,442.5","2,536.4","2,335.3","117.21K","2.71%"
"2017년 06월 15일","2,442.5","2,467.3","2,521.6","2,125.6","262.79K","-1.01%"
"2017년 06월 14일","2,467.3","2,713.0","2,803.7","2,349.0","174.19K","-9.06%"
"2017년 06월 13일","2,713.0","2,656.8","2,784.8","2,647.4","116.74K","2.12%"
"2017년 06월 12일","2,656.8","2,973.4","2,985.1","2,483.6","217.96K","-10.65%"
"2017년 06월 11일","2,973.4","2,900.3","2,977.9","2,867.3","83.03K","2.52%"
"2017년 06월 10일","2,900.3","2,811.4","2,914.2","2,807.4","86.52K","3.16%"
"2017년 06월 09일","2,811.4","2,798.8","2,852.1","2,786.1","67.05K","0.45%"
"2017년 06월 08일","2,798.8","2,691.5","2,808.4","2,623.6","95.42K","3.99%"
"2017년 06월 07일","2,691.5","2,870.5","2,880.9","2,626.6","122.68K","-6.24%"
"2017년 06월 06일","2,870.5","2,705.0","2,931.2","2,699.7","192.23K","6.12%"
"2017년 06월 05일","2,705.0","2,524.1","2,705.4","2,523.9","86.69K","7.17%"
"2017년 06월 04일","2,524.1","2,545.4","2,559.8","2,478.2","59.48K","-0.84%"
"2017년 06월 03일","2,545.4","2,492.6","2,582.8","2,449.9","70.96K","2.12%"
"2017년 06월 02일","2,492.6","2,412.6","2,494.0","2,385.6","83.03K","3.31%"
"2017년 06월 01일","2,412.6","2,303.3","2,460.8","2,303.3","122.70K","4.75%"
"2017년 05월 31일","2,303.3","2,192.6","2,330.6","2,168.4","117.75K","5.05%"
"2017년 05월 30일","2,192.6","2,278.2","2,329.3","2,147.1","120.96K","-3.76%"
"2017년 05월 29일","2,278.2","2,189.0","2,337.4","2,117.3","92.24K","4.07%"
"2017년 05월 28일","2,189.0","2,052.4","2,300.5","2,051.1","125.00K","6.66%"
"2017년 05월 27일","2,052.4","2,244.9","2,322.4","1,868.6","222.95K","-8.57%"
"2017년 05월 26일","2,244.9","2,307.0","2,616.5","2,051.4","191.49K","-2.70%"
"2017년 05월 25일","2,307.2","2,445.3","2,781.8","2,210.5","248.44K","-5.65%"
"2017년 05월 24일","2,445.3","2,272.6","2,497.0","2,263.3","149.26K","7.60%"
"2017년 05월 23일","2,272.6","2,124.4","2,286.3","2,110.8","114.18K","6.97%"
"2017년 05월 22일","2,124.4","2,044.2","2,264.8","1,998.6","174.38K","3.92%"
"2017년 05월 21일","2,044.2","2,040.2","2,094.9","1,980.1","78.78K","0.20%"
"2017년 05월 20일","2,040.2","1,962.0","2,048.4","1,944.4","89.86K","3.98%"
"2017년 05월 19일","1,962.0","1,881.0","1,969.7","1,875.3","98.76K","4.31%"
"2017년 05월 18일","1,881.0","1,801.3","1,980.5","1,791.1","73.10K","4.42%"
"2017년 05월 17일","1,801.3","1,729.3","1,842.8","1,704.0","94.62K","4.16%"
"2017년 05월 16일","1,729.3","1,708.9","1,752.6","1,653.7","75.54K","1.19%"
"2017년 05월 15일","1,708.9","1,772.6","1,776.7","1,656.8","80.24K","-3.59%"
"2017년 05월 14일","1,772.6","1,763.7","1,802.8","1,736.1","40.64K","0.50%"
"2017년 05월 13일","1,763.7","1,686.4","1,770.5","1,594.6","75.47K","4.59%"
"2017년 05월 12일","1,686.4","1,819.3","1,822.5","1,641.2","109.34K","-7.31%"
"2017년 05월 11일","1,819.3","1,752.3","1,864.8","1,741.5","109.01K","3.82%"
"2017년 05월 10일","1,752.3","1,697.5","1,766.2","1,665.0","89.68K","3.23%"
"2017년 05월 09일","1,697.5","1,664.5","1,757.4","1,620.0","127.23K","1.98%"
"2017년 05월 08일","1,664.5","1,554.4","1,667.7","1,552.9","107.23K","7.08%"
"2017년 05월 07일","1,554.4","1,545.3","1,572.9","1,495.2","71.36K","0.59%"
"2017년 05월 06일","1,545.3","1,507.8","1,560.4","1,503.9","59.60K","2.49%"
"2017년 05월 05일","1,507.8","1,516.8","1,588.1","1,485.0","120.38K","-0.59%"
"2017년 05월 04일","1,516.8","1,485.6","1,609.8","1,437.1","136.71K","2.10%"
"2017년 05월 03일","1,485.6","1,445.9","1,496.4","1,424.1","81.72K","2.74%"
"2017년 05월 02일","1,445.9","1,415.8","1,471.1","1,394.8","70.01K","2.13%"
"2017년 05월 01일","1,415.8","1,351.9","1,448.7","1,342.8","100.44K","4.73%"
"2017년 04월 30일","1,351.9","1,336.3","1,358.9","1,309.7","40.64K","1.17%"
"2017년 04월 29일","1,336.3","1,329.6","1,343.7","1,314.2","40.97K","0.50%"
"2017년 04월 28일","1,329.6","1,332.9","1,356.2","1,287.6","77.57K","-0.25%"
"2017년 04월 27일","1,332.9","1,286.6","1,346.8","1,285.3","61.77K","3.60%"
"2017년 04월 26일","1,286.6","1,264.3","1,309.2","1,263.0","58.91K","1.77%"
"2017년 04월 25일","1,264.3","1,248.2","1,272.6","1,244.2","43.89K","1.29%"
"2017년 04월 24일","1,248.2","1,249.1","1,256.4","1,234.9","38.54K","-0.08%"
"2017년 04월 23일","1,249.1","1,240.9","1,256.2","1,223.1","42.61K","0.66%"
"2017년 04월 22일","1,240.9","1,249.6","1,257.0","1,215.8","43.82K","-0.70%"
"2017년 04월 21일","1,249.6","1,238.1","1,257.0","1,235.6","41.34K","0.93%"
"2017년 04월 20일","1,238.1","1,215.2","1,246.6","1,210.7","55.20K","1.88%"
"2017년 04월 19일","1,215.2","1,206.1","1,218.2","1,194.1","43.35K","0.76%"
"2017년 04월 18일","1,206.1","1,194.0","1,213.9","1,191.1","52.75K","1.01%"
"2017년 04월 17일","1,194.0","1,176.8","1,203.0","1,172.8","46.48K","1.46%"
"2017년 04월 16일","1,176.8","1,177.0","1,188.0","1,166.7","18.93K","-0.02%"
"2017년 04월 15일","1,177.0","1,177.3","1,194.8","841.5","28.39K","-0.03%"
"2017년 04월 14일","1,177.3","1,176.2","1,195.4","1,162.2","47.22K","0.10%"
"2017년 04월 13일","1,176.2","1,212.5","1,218.7","1,150.3","66.05K","-3.00%"
"2017년 04월 12일","1,212.5","1,220.7","1,225.5","1,207.4","44.78K","-0.67%"
"2017년 04월 11일","1,220.7","1,206.7","1,229.6","1,195.8","37.40K","1.16%"
"2017년 04월 10일","1,206.7","1,204.3","1,214.9","1,194.8","40.01K","0.20%"
"2017년 04월 09일","1,204.3","1,180.8","1,215.1","1,174.0","45.35K","2.00%"
"2017년 04월 08일","1,180.8","1,190.5","1,198.2","1,166.7","33.18K","-0.82%"
"2017년 04월 07일","1,190.5","1,188.7","1,201.2","1,173.2","59.75K","0.15%"
"2017년 04월 06일","1,188.7","1,129.9","1,201.6","1,130.5","92.36K","5.21%"
"2017년 04월 05일","1,129.9","1,141.8","1,143.8","1,110.1","69.47K","-1.04%"
"2017년 04월 04일","1,141.8","1,147.6","1,161.2","1,122.2","71.00K","-0.50%"
"2017년 04월 03일","1,147.6","1,097.4","1,157.9","1,095.6","98.50K","4.57%"
"2017년 04월 02일","1,097.4","1,086.1","1,109.5","1,074.2","70.98K","1.04%"
"2017년 04월 01일","1,086.1","1,079.1","1,103.7","1,067.5","50.66K","0.65%"
"2017년 03월 31일","1,079.1","1,037.9","1,088.2","1,035.2","90.99K","3.97%"
"2017년 03월 30일","1,037.9","1,041.9","1,052.7","1,020.9","74.99K","-0.38%"
"2017년 03월 29일","1,041.9","1,044.4","1,058.7","1,008.3","68.85K","-0.24%"
"2017년 03월 28일","1,044.4","1,045.1","1,068.4","1,015.5","80.00K","-0.07%"
"2017년 03월 27일","1,045.1","969.4","1,048.8","961.8","91.26K","7.81%"
"2017년 03월 26일","969.4","966.3","1,004.3","946.7","85.33K","0.32%"
"2017년 03월 25일","966.3","939.7","996.0","890.4","127.05K","2.83%"
"2017년 03월 24일","939.7","1,035.0","1,038.4","927.3","132.60K","-9.21%"
"2017년 03월 23일","1,035.0","1,044.7","1,062.8","1,022.0","56.52K","-0.93%"
"2017년 03월 22일","1,044.7","1,121.3","1,121.9","997.8","115.29K","-6.83%"
"2017년 03월 21일","1,121.3","1,047.5","1,125.5","1,043.9","92.59K","7.04%"
"2017년 03월 20일","1,047.5","1,022.6","1,057.5","1,005.0","61.43K","2.44%"
"2017년 03월 19일","1,022.6","971.4","1,063.7","967.3","106.45K","5.27%"
"2017년 03월 18일","971.4","1,071.7","1,103.6","940.2","210.42K","-9.36%"
"2017년 03월 17일","1,071.7","1,172.9","1,174.9","1,063.5","163.74K","-8.63%"
"2017년 03월 16일","1,172.9","1,253.4","1,260.2","1,119.0","132.77K","-6.43%"
"2017년 03월 15일","1,253.4","1,243.1","1,256.9","1,236.4","43.59K","0.83%"
"2017년 03월 14일","1,243.1","1,238.2","1,255.5","1,218.4","45.14K","0.40%"
"2017년 03월 13일","1,238.2","1,225.1","1,245.6","1,205.6","60.46K","1.07%"
"2017년 03월 12일","1,225.1","1,179.2","1,235.5","1,160.9","44.41K","3.89%"
"2017년 03월 11일","1,179.2","1,112.4","1,202.7","1,104.8","70.75K","6.01%"
"2017년 03월 10일","1,112.4","1,191.3","1,330.4","988.7","190.47K","-6.63%"
"2017년 03월 09일","1,191.3","1,147.0","1,207.0","1,129.3","59.86K","3.87%"
"2017년 03월 08일","1,147.0","1,232.7","1,242.0","1,136.9","97.88K","-6.95%"
"2017년 03월 07일","1,232.7","1,277.0","1,280.9","1,148.7","87.72K","-3.47%"
"2017년 03월 06일","1,277.0","1,271.2","1,280.6","1,261.0","31.03K","0.46%"
"2017년 03월 05일","1,271.2","1,264.3","1,273.3","1,242.1","25.43K","0.55%"
"2017년 03월 04일","1,264.3","1,283.3","1,285.8","1,228.7","38.42K","-1.48%"
"2017년 03월 03일","1,283.3","1,255.5","1,291.3","1,250.8","67.28K","2.22%"
"2017년 03월 02일","1,255.5","1,222.7","1,287.0","1,212.0","78.49K","2.68%"
"2017년 03월 01일","1,222.7","1,189.3","1,225.0","1,154.6","51.15K","2.81%"
"2017년 02월 28일","1,189.3","1,188.8","1,208.2","1,175.8","50.58K","0.04%"
"2017년 02월 27일","1,188.8","1,171.6","1,195.8","1,164.3","35.47K","1.47%"
"2017년 02월 26일","1,171.6","1,149.1","1,177.5","1,130.6","30.77K","1.96%"
"2017년 02월 25일","1,149.1","1,176.5","1,180.0","1,116.2","45.86K","-2.33%"
"2017년 02월 24일","1,176.5","1,171.9","1,211.7","1,092.4","108.17K","0.39%"
"2017년 02월 23일","1,171.9","1,120.5","1,181.6","1,113.5","65.74K","4.59%"
"2017년 02월 22일","1,120.5","1,119.0","1,132.3","1,094.8","47.91K","0.13%"
"2017년 02월 21일","1,119.0","1,077.6","1,123.0","1,073.5","57.05K","3.85%"
"2017년 02월 20일","1,077.6","1,048.9","1,081.8","1,041.0","31.01K","2.73%"
"2017년 02월 19일","1,048.9","1,052.3","1,056.5","1,037.7","17.95K","-0.32%"
"2017년 02월 18일","1,052.3","1,049.4","1,063.2","1,044.7","25.36K","0.27%"
"2017년 02월 17일","1,049.4","1,031.9","1,057.4","1,025.9","45.71K","1.69%"
"2017년 02월 16일","1,031.9","1,008.2","1,040.3","1,007.4","38.08K","2.35%"
"2017년 02월 15일","1,008.2","1,008.3","1,010.9","999.7","23.36K","-0.01%"
"2017년 02월 14일","1,008.3","995.4","1,013.8","986.5","39.54K","1.30%"
"2017년 02월 13일","995.4","996.5","1,007.6","975.1","32.91K","-0.12%"
"2017년 02월 12일","996.5","1,008.3","1,007.8","992.5","14.75K","-1.17%"
"2017년 02월 11일","1,008.3","997.6","1,014.3","983.9","28.32K","1.07%"
"2017년 02월 10일","997.6","979.0","1,005.6","947.0","62.13K","1.91%"
"2017년 02월 09일","979.0","1,055.5","1,073.0","924.7","146.75K","-7.25%"
"2017년 02월 08일","1,055.5","1,049.6","1,069.2","1,020.3","65.15K","0.56%"
"2017년 02월 07일","1,049.6","1,024.7","1,054.1","1,019.9","39.55K","2.43%"
"2017년 02월 06일","1,024.7","1,016.1","1,030.6","1,010.8","32.02K","0.84%"
"2017년 02월 05일","1,016.1","1,031.8","1,033.7","1,004.0","31.06K","-1.53%"
"2017년 02월 04일","1,031.8","1,013.0","1,041.0","1,000.4","39.46K","1.86%"
"2017년 02월 03일","1,013.0","1,004.0","1,023.7","989.2","61.67K","0.90%"
"2017년 02월 02일","1,004.0","982.4","1,009.1","973.5","50.86K","2.19%"
"2017년 02월 01일","982.4","965.5","986.6","959.8","45.22K","1.75%"
"2017년 01월 31일","965.5","920.7","967.5","917.4","54.67K","4.86%"
"2017년 01월 30일","920.7","914.5","922.3","911.5","19.06K","0.68%"
"2017년 01월 29일","914.5","918.5","922.4","912.7","11.05K","-0.43%"
"2017년 01월 28일","918.5","918.0","921.9","912.8","14.31K","0.05%"
"2017년 01월 27일","918.0","915.6","922.6","907.9","30.97K","0.27%"
"2017년 01월 26일","915.6","894.4","919.3","893.5","33.80K","2.36%"
"2017년 01월 25일","894.4","893.8","905.7","883.6","37.90K","0.07%"
"2017년 01월 24일","893.8","921.5","925.6","889.2","58.87K","-3.01%"
"2017년 01월 23일","921.5","918.8","928.0","910.8","32.74K","0.29%"
"2017년 01월 22일","918.8","919.8","938.4","888.6","47.93K","-0.11%"
"2017년 01월 21일","919.8","892.9","928.9","889.5","40.38K","3.02%"
"2017년 01월 20일","892.9","895.2","901.5","878.9","38.87K","-0.26%"
"2017년 01월 19일","895.2","872.0","905.3","870.7","58.44K","2.66%"
"2017년 01월 18일","872.0","899.7","913.7","845.9","69.26K","-3.07%"
"2017년 01월 17일","899.7","827.3","906.4","825.0","82.21K","8.74%"
"2017년 01월 16일","827.3","821.2","836.7","817.7","33.22K","0.75%"
"2017년 01월 15일","821.2","819.6","826.4","808.6","24.40K","0.19%"
"2017년 01월 14일","819.6","824.8","838.9","808.3","44.21K","-0.63%"
"2017년 01월 13일","824.8","810.1","835.0","771.0","89.86K","1.82%"
"2017년 01월 12일","810.1","785.4","828.2","739.5","120.24K","3.14%"
"2017년 01월 11일","785.4","904.4","917.7","751.6","194.44K","-13.15%"
"2017년 01월 10일","904.4","899.8","911.3","890.1","53.71K","0.51%"
"2017년 01월 09일","899.8","900.9","910.5","870.9","62.58K","-0.12%"
"2017년 01월 08일","900.9","888.9","936.1","875.8","76.91K","1.35%"
"2017년 01월 07일","888.9","886.2","900.9","806.7","130.66K","0.31%"
"2017년 01월 06일","886.2","989.3","1,027.4","852.5","194.29K","-10.43%"
"2017년 01월 05일","989.3","1,135.4","1,150.6","874.5","240.01K","-12.86%"
"2017년 01월 04일","1,135.4","1,033.3","1,148.5","1,022.3","156.27K","9.88%"
"2017년 01월 03일","1,033.3","1,017.0","1,035.5","1,006.5","54.79K","1.60%"
"2017년 01월 02일","1,017.0","995.4","1,031.7","990.2","64.95K","2.17%"
"2017년 01월 01일","995.4","963.4","1,001.6","956.1","41.15K","3.33%"
"2016년 12월 31일","963.4","959.0","965.5","942.4","27.56K","0.45%"
"2016년 12월 30일","959.0","971.1","971.6","927.4","70.84K","-1.24%"
"2016년 12월 29일","971.1","972.2","982.6","949.2","61.13K","-0.11%"
"2016년 12월 28일","972.2","925.8","974.5","925.5","77.29K","5.01%"
"2016년 12월 27일","925.8","898.4","937.9","893.4","49.69K","3.05%"
"2016년 12월 26일","898.4","891.1","909.3","885.9","38.79K","0.82%"
"2016년 12월 25일","891.1","891.1","895.2","851.4","42.48K","0.00%"
"2016년 12월 24일","891.1","917.2","920.5","880.8","46.03K","-2.85%"
"2016년 12월 23일","917.2","860.2","920.3","858.0","102.22K","6.63%"
"2016년 12월 22일","860.2","829.2","874.7","828.9","70.56K","3.73%"
"2016년 12월 21일","829.2","799.1","833.1","796.0","65.29K","3.77%"
"2016년 12월 20일","799.1","789.8","800.0","787.1","34.48K","1.18%"
"2016년 12월 19일","789.8","789.0","793.7","786.3","25.46K","0.10%"
"2016년 12월 18일","789.0","787.2","791.3","783.8","14.53K","0.23%"
"2016년 12월 17일","787.2","782.0","791.6","779.4","23.58K","0.65%"
"2016년 12월 16일","782.0","775.2","783.9","773.3","27.61K","0.88%"
"2016년 12월 15일","775.2","776.5","780.3","773.1","26.22K","-0.17%"
"2016년 12월 14일","776.5","778.7","780.8","771.0","24.78K","-0.29%"
"2016년 12월 13일","778.7","778.5","790.3","767.8","33.11K","0.03%"
"2016년 12월 12일","778.5","767.9","781.3","767.9","28.76K","1.38%"
"2016년 12월 11일","767.9","774.0","774.2","763.0","17.14K","-0.79%"
"2016년 12월 10일","774.0","770.5","777.0","769.2","18.02K","0.46%"
"2016년 12월 09일","770.5","768.5","773.5","765.0","24.18K","0.26%"
"2016년 12월 08일","768.5","765.6","773.4","761.2","28.78K","0.38%"
"2016년 12월 07일","765.6","758.2","769.0","754.3","34.87K","0.97%"
"2016년 12월 06일","758.2","754.3","762.5","750.9","33.43K","0.51%"
"2016년 12월 05일","754.3","766.4","769.2","746.0","51.17K","-1.57%"
"2016년 12월 04일","766.4","764.2","769.2","758.8","19.16K","0.28%"
"2016년 12월 03일","764.2","770.9","772.3","755.8","38.45K","-0.87%"
"2016년 12월 02일","770.9","752.6","779.0","752.3","63.22K","2.43%"
"2016년 12월 01일","752.6","742.5","755.5","741.1","54.03K","1.37%"
"2016년 11월 30일","742.5","732.6","745.4","730.6","39.28K","1.36%"
"2016년 11월 29일","732.6","733.3","737.0","727.8","32.57K","-0.10%"
"2016년 11월 28일","733.3","729.4","738.1","727.7","34.12K","0.53%"
"2016년 11월 27일","729.4","734.1","738.3","727.1","21.35K","-0.64%"
"2016년 11월 26일","734.1","740.4","741.0","725.6","22.58K","-0.84%"
"2016년 11월 25일","740.4","735.3","741.3","729.0","28.85K","0.69%"
"2016년 11월 24일","735.3","741.1","744.2","726.2","37.24K","-0.78%"
"2016년 11월 23일","741.1","749.3","750.9","731.3","37.87K","-1.10%"
"2016년 11월 22일","749.3","736.2","754.0","730.6","44.44K","1.79%"
"2016년 11월 21일","736.2","728.5","744.3","726.5","32.51K","1.05%"
"2016년 11월 20일","728.5","747.9","752.3","712.8","47.42K","-2.59%"
"2016년 11월 19일","747.9","747.0","755.3","737.4","25.63K","0.12%"
"2016년 11월 18일","747.0","737.5","751.4","731.0","39.71K","1.28%"
"2016년 11월 17일","737.5","740.3","751.9","730.1","62.77K","-0.37%"
"2016년 11월 16일","740.3","711.1","746.0","708.1","79.57K","4.10%"
"2016년 11월 15일","711.1","704.6","716.9","697.9","41.40K","0.93%"
"2016년 11월 14일","704.6","702.0","708.0","696.1","37.75K","0.37%"
"2016년 11월 13일","702.0","704.3","705.6","685.0","36.14K","-0.33%"
"2016년 11월 12일","704.3","715.0","717.4","701.1","27.60K","-1.50%"
"2016년 11월 11일","715.0","714.6","719.8","711.7","25.58K","0.06%"
"2016년 11월 10일","714.6","721.4","723.0","707.3","33.33K","-0.95%"
"2016년 11월 09일","721.4","710.9","741.2","707.1","70.70K","1.48%"
"2016년 11월 08일","710.9","705.4","714.6","701.0","39.73K","0.78%"
"2016년 11월 07일","705.4","709.9","711.7","698.3","30.74K","-0.64%"
"2016년 11월 06일","709.9","702.1","714.1","697.6","25.81K","1.11%"
"2016년 11월 05일","702.1","702.1","706.4","694.0","22.02K","0.00%"
"2016년 11월 04일","702.1","684.9","706.6","681.3","48.24K","2.51%"
"2016년 11월 03일","684.9","733.5","744.4","670.4","96.41K","-6.63%"
"2016년 11월 02일","733.5","726.8","735.8","718.1","39.04K","0.93%"
"2016년 11월 01일","726.8","698.7","734.4","695.2","68.07K","4.02%"
"2016년 10월 31일","698.7","697.3","707.2","682.2","38.05K","0.20%"
"2016년 10월 30일","697.3","715.0","714.9","689.5","39.33K","-2.47%"
"2016년 10월 29일","715.0","686.2","720.2","685.2","54.03K","4.18%"
"2016년 10월 28일","686.2","682.3","688.4","678.6","38.97K","0.58%"
"2016년 10월 27일","682.3","674.7","687.9","672.3","46.56K","1.13%"
"2016년 10월 26일","674.7","651.0","678.4","651.4","47.67K","3.64%"
"2016년 10월 25일","651.0","650.5","662.5","647.7","36.74K","0.08%"
"2016년 10월 24일","650.5","653.0","654.3","645.7","33.24K","-0.39%"
"2016년 10월 23일","653.0","655.5","661.2","648.8","21.91K","-0.37%"
"2016년 10월 22일","655.5","630.5","659.9","629.7","37.10K","3.97%"
"2016년 10월 21일","630.5","628.3","633.3","627.6","28.09K","0.34%"
"2016년 10월 20일","628.3","629.1","630.8","625.5","20.94K","-0.11%"
"2016년 10월 19일","629.1","635.3","637.3","624.1","35.29K","-0.99%"
"2016년 10월 18일","635.3","637.4","639.3","632.2","24.60K","-0.32%"
"2016년 10월 17일","637.4","640.1","641.3","634.9","27.69K","-0.43%"
"2016년 10월 16일","640.1","637.0","642.2","636.4","12.89K","0.49%"
"2016년 10월 15일","637.0","637.9","641.4","635.1","12.38K","-0.14%"
"2016년 10월 14일","637.9","635.6","640.5","630.7","31.42K","0.37%"
"2016년 10월 13일","635.6","636.0","639.5","632.3","25.62K","-0.06%"
"2016년 10월 12일","636.0","640.5","642.5","632.2","26.95K","-0.70%"
"2016년 10월 11일","640.5","617.3","642.3","615.6","55.77K","3.75%"
"2016년 10월 10일","617.3","615.8","618.8","612.8","25.23K","0.25%"
"2016년 10월 09일","615.8","617.7","618.3","613.0","13.43K","-0.30%"
"2016년 10월 08일","617.7","616.0","619.6","614.9","13.62K","0.26%"
"2016년 10월 07일","616.0","611.0","619.4","609.1","32.73K","0.83%"
"2016년 10월 06일","611.0","611.8","612.7","608.5","21.63K","-0.14%"
"2016년 10월 05일","611.8","609.0","613.7","608.0","23.40K","0.47%"
"2016년 10월 04일","609.0","611.6","612.7","606.5","24.99K","-0.43%"
"2016년 10월 03일","611.6","610.7","613.2","608.5","21.95K","0.15%"